{"train_accuracy":1,"gradients":{"bins":[-0.08233945071697235,-0.0797928124666214,-0.07724617421627045,-0.07469954341650009,-0.07215290516614914,-0.06960626691579819,-0.06705963611602783,-0.06451299786567688,-0.06196635961532593,-0.059419721364974976,-0.05687308683991432,-0.05432645231485367,-0.051779814064502716,-0.049233175814151764,-0.04668654128909111,-0.04413990676403046,-0.041593268513679504,-0.03904663026332855,-0.0364999957382679,-0.033953361213207245,-0.03140672296285629,-0.02886008471250534,-0.026313450187444687,-0.023766815662384033,-0.02122017741203308,-0.01867353916168213,-0.016126900911331177,-0.013580270111560822,-0.01103363186120987,-0.008486993610858917,-0.005940362811088562,-0.00339372456073761,-0.0008470863103866577,0.0016995519399642944,0.004246190190315247,0.006792820990085602,0.009339459240436554,0.011886097490787506,0.014432728290557861,0.016979366540908813,0.019526004791259766,0.022072643041610718,0.02461928129196167,0.027165912091732025,0.029712550342082977,0.03225918859243393,0.034805819392204285,0.03735245764255524,0.03989909589290619,0.04244573414325714,0.04499237239360809,0.047539010643959045,0.05008564889431,0.052632272243499756,0.05517891049385071,0.05772554874420166,0.06027218699455261,0.06281882524490356,0.06536546349525452,0.06791210174560547,0.07045872509479523,0.07300536334514618,0.07555200159549713,0.07809863984584808,0.08064527809619904],"_type":"histogram","values":[1,0,0,0,0,1,1,0,0,0,0,0,1,3,0,0,0,1,1,0,1,2,5,3,9,16,34,70,106,170,599,3104,88018,1276,316,105,41,35,14,14,4,2,2,2,1,0,0,0,0,0,1,0,0,0,0,0,0,0,1,1,0,0,0,1]},"roc":{"size":24702,"path":"media/images/roc_200_be2bc2fe30db5f9d85f5.png","format":"png","width":640,"height":480,"_type":"image-file","sha256":"be2bc2fe30db5f9d85f5e750ab02166a67749422edfcb2ed0953a08328490f44"},"_runtime":67,"loss":0.01991177909076214,"_timestamp":1.768041155708521e+09,"Epoch":9,"_wandb":{"runtime":67},"_step":200}