{"train_accuracy":0.96875,"loss":0.055032748728990555,"_timestamp":1.7680463112280478e+09,"_runtime":56,"_step":200,"gradients":{"_type":"histogram","values":[1,0,0,0,0,0,0,0,0,0,0,0,0,0,0,0,0,0,1,0,1,1,2,1,4,10,3,12,10,9,19,29,48,74,150,370,1739,88349,2280,506,188,59,33,22,16,8,8,2,1,4,0,1,0,0,0,0,0,0,0,0,0,0,0,1],"bins":[-0.22361579537391663,-0.2176671177148819,-0.21171844005584717,-0.20576977729797363,-0.1998210996389389,-0.19387242197990417,-0.18792374432086945,-0.18197506666183472,-0.17602640390396118,-0.17007772624492645,-0.16412904858589172,-0.158180370926857,-0.15223169326782227,-0.14628303050994873,-0.1403343379497528,-0.13438567519187927,-0.12843699753284454,-0.12248831987380981,-0.11653964966535568,-0.11059097200632095,-0.10464230179786682,-0.09869362413883209,-0.09274494647979736,-0.08679626882076263,-0.0808475911617279,-0.07489892840385437,-0.06895025074481964,-0.06300157308578491,-0.05705289542675018,-0.051104217767715454,-0.04515555500984192,-0.03920687735080719,-0.03325819969177246,-0.027309522032737732,-0.021360844373703003,-0.015412181615829468,-0.009463503956794739,-0.0035148262977600098,0.0024338513612747192,0.008382529020309448,0.014331191778182983,0.020279869437217712,0.02622854709625244,0.03217720985412598,0.0381259024143219,0.044074565172195435,0.05002325773239136,0.05597192049026489,0.061920613050460815,0.06786927580833435,0.07381793856620789,0.07976663112640381,0.08571529388427734,0.09166398644447327,0.0976126492023468,0.10356131196022034,0.10951000452041626,0.1154586672782898,0.12140735983848572,0.12735602259635925,0.1333046853542328,0.1392533779144287,0.14520204067230225,0.15115073323249817,0.1570993810892105]},"_wandb":{"runtime":56},"Epoch":9,"roc":{"sha256":"61925420afe432ef8812153a0d8763a21b362f5bb7e61a030342f0401b3c59c6","size":24551,"path":"media/images/roc_200_61925420afe432ef8812.png","format":"png","width":640,"height":480,"_type":"image-file"}}