{"_timestamp":1.7678783296888964e+09,"_step":0,"Epoch":0,"loss":2.3386895656585693,"_wandb":{"runtime":0},"_runtime":0}