{"Epoch":9,"gradients":{"_type":"histogram","values":[1,0,0,0,0,0,0,0,2,0,0,0,0,1,1,0,0,0,0,0,0,0,2,4,6,11,21,59,90,399,89614,3442,194,67,16,13,5,6,2,1,0,0,0,0,0,0,1,0,0,1,0,0,1,1,0,0,0,0,0,0,0,0,0,1],"bins":[-0.14441503584384918,-0.1397443562746048,-0.1350736767053604,-0.13040301203727722,-0.12573233246803284,-0.12106165289878845,-0.11639097332954407,-0.11172029376029968,-0.1070496216416359,-0.1023789495229721,-0.09770826995372772,-0.09303759038448334,-0.08836691081523895,-0.08369623869657516,-0.07902555912733078,-0.07435488700866699,-0.06968420743942261,-0.06501352787017822,-0.060342855751514435,-0.05567217618227005,-0.05100150406360626,-0.04633082449436188,-0.04166014492511749,-0.036989472806453705,-0.03231879323720932,-0.027648113667964935,-0.022977441549301147,-0.018306761980056763,-0.013636082410812378,-0.008965402841567993,-0.004294738173484802,0.0003759413957595825,0.005046620965003967,0.009717300534248352,0.014387980103492737,0.019058644771575928,0.023729324340820312,0.028400003910064697,0.03307068347930908,0.03774136304855347,0.04241202771663666,0.04708270728588104,0.05175338685512543,0.05642406642436981,0.0610947459936142,0.06576542556285858,0.07043609023094177,0.07510676980018616,0.07977744936943054,0.08444812893867493,0.08911880850791931,0.0937894731760025,0.09846015274524689,0.10313083231449127,0.10780151188373566,0.11247219145298004,0.11714287102222443,0.12181355059146881,0.1264842301607132,0.1311548799276352,0.13582555949687958,0.14049623906612396,0.14516691863536835,0.14983759820461273,0.1545082926750183]},"_runtime":65,"_wandb":{"runtime":65},"_step":200,"_timestamp":1.7680434981834862e+09,"loss":0.01500516664236784,"train_accuracy":1,"roc":{"size":24655,"path":"media/images/roc_200_989e69c0b80f63c23230.png","format":"png","width":640,"height":480,"_type":"image-file","sha256":"989e69c0b80f63c23230151e1e20ab1a30291b80822670d8adfd6fbbe164a75a"}}