{"train_accuracy":1,"gradients":{"values":[1,0,1,0,0,0,0,2,0,0,0,0,0,0,1,0,0,0,0,0,0,2,0,0,0,1,0,3,5,3,5,17,30,38,84,300,89547,3722,149,25,10,3,1,1,2,2,0,1,1,0,0,0,1,0,0,0,0,0,2,0,0,0,1,1],"bins":[-0.11064929515123367,-0.10765336453914642,-0.10465743392705917,-0.10166150331497192,-0.09866556525230408,-0.09566963464021683,-0.09267370402812958,-0.08967777341604233,-0.08668184280395508,-0.08368591219186783,-0.08068998157978058,-0.07769404351711273,-0.07469812035560608,-0.07170218229293823,-0.06870625168085098,-0.06571032106876373,-0.06271439045667648,-0.05971845984458923,-0.056722529232501984,-0.053726594895124435,-0.050730664283037186,-0.04773472994565964,-0.04473879933357239,-0.04174286872148514,-0.03874693810939789,-0.03575100749731064,-0.03275507688522339,-0.02975914627313614,-0.026763208210468292,-0.023767277598381042,-0.020771346986293793,-0.017775416374206543,-0.014779485762119293,-0.011783555150032043,-0.008787624537944794,-0.005791693925857544,-0.002795763313770294,0.0002001747488975525,0.0031961053609848022,0.006192035973072052,0.009187966585159302,0.012183897197246552,0.015179835259914398,0.01817575842142105,0.021171696484088898,0.02416761964559555,0.027163557708263397,0.03015948086977005,0.0331554189324379,0.03615135699510574,0.039147280156612396,0.04214321821928024,0.045139141380786896,0.04813507944345474,0.051131002604961395,0.05412694066762924,0.05712287873029709,0.06011880189180374,0.06311473995447159,0.06611066311597824,0.06910660117864609,0.07210252434015274,0.07509846240282059,0.07809438556432724,0.08109033107757568],"_type":"histogram"},"loss":0.014945551753044128,"_runtime":67,"Epoch":9,"_wandb":{"runtime":67},"_timestamp":1.7680408230209415e+09,"_step":200,"roc":{"_type":"image-file","sha256":"2b5fefab0cf37fad4d6d868b657ccc30996865d926115ca41ef2469bb3775247","size":24480,"path":"media/images/roc_200_2b5fefab0cf37fad4d6d.png","format":"png","width":640,"height":480}}