{"gradients":{"values":[1,1,0,0,0,0,1,0,1,0,0,1,0,0,0,0,1,0,1,0,1,0,3,1,4,12,24,79,160,465,2847,89420,589,179,59,40,36,12,7,4,2,2,2,2,0,1,0,0,0,0,0,1,0,1,0,0,0,0,1,0,0,0,0,1],"bins":[-0.11857987195253372,-0.114789217710495,-0.11099856346845627,-0.10720790922641754,-0.10341724753379822,-0.09962659329175949,-0.09583593904972076,-0.09204528480768204,-0.08825463056564331,-0.08446396887302399,-0.08067331463098526,-0.07688266038894653,-0.0730920061469078,-0.06930135190486908,-0.06551069021224976,-0.06172003597021103,-0.0579293817281723,-0.054138727486133575,-0.05034807324409485,-0.046557411551475525,-0.0427667573094368,-0.03897610306739807,-0.035185448825359344,-0.03139479458332062,-0.02760414034128189,-0.023813478648662567,-0.02002282440662384,-0.016232170164585114,-0.012441515922546387,-0.00865086168050766,-0.004860199987888336,-0.0010695457458496094,0.0027211084961891174,0.006511770188808441,0.010302416980266571,0.014093078672885895,0.017883725464344025,0.02167438715696335,0.025465048849582672,0.029255695641040802,0.033046357333660126,0.036837004125118256,0.04062766581773758,0.0444183275103569,0.04820897430181503,0.05199963599443436,0.05579028278589249,0.05958094447851181,0.06337159126996994,0.06716225296258926,0.07095291465520859,0.07474356144666672,0.07853422313928604,0.08232486993074417,0.0861155316233635,0.08990619331598282,0.09369684010744095,0.09748750180006027,0.1012781485915184,0.10506881028413773,0.10885947197675705,0.11265011876821518,0.1164407804608345,0.12023142725229263,0.12402208149433136],"_type":"histogram"},"_timestamp":1.768043734847313e+09,"_wandb":{"runtime":78},"_runtime":78,"roc":{"width":640,"height":480,"_type":"image-file","sha256":"791a6a4f0f1c0b92d651375255661025db44bdbc042bedb18fa81fdd601aa379","size":24713,"path":"media/images/roc_200_791a6a4f0f1c0b92d651.png","format":"png"},"Epoch":9,"loss":0.022492408752441406,"train_accuracy":1,"_step":200}