{"Epoch":9,"_timestamp":1.7678795520400991e+09,"roc":{"_type":"image-file","sha256":"9a34df9081ff7514d60e29c324cbb59d7adb21e117c555d45985cc3aba80809d","size":24641,"path":"media/images/roc_200_9a34df9081ff7514d60e.png","format":"png","width":640,"height":480},"gradients":{"_type":"histogram","values":[1,0,0,0,0,0,0,0,1,1,0,0,1,3,0,2,0,0,0,0,5,5,1,4,8,5,4,10,13,17,20,55,77,198,568,1644,80149,10079,750,171,66,29,18,15,9,4,1,5,6,1,1,1,4,1,1,1,3,0,0,1,1,1,0,1],"bins":[-0.012262829579412937,-0.011931193061172962,-0.011599555611610413,-0.011267919093370438,-0.010936282575130463,-0.010604645125567913,-0.010273008607327938,-0.009941371157765388,-0.009609734639525414,-0.009278098121285439,-0.008946461603045464,-0.008614824153482914,-0.008283187635242939,-0.00795155018568039,-0.007619913667440414,-0.0072882771492004395,-0.006956640165299177,-0.006625003181397915,-0.00629336666315794,-0.005961729679256678,-0.005630092695355415,-0.00529845617711544,-0.004966819193214178,-0.004635182209312916,-0.004303545691072941,-0.003971908241510391,-0.0036402717232704163,-0.0033086352050304413,-0.0029769977554678917,-0.0026453612372279167,-0.0023137247189879417,-0.001982087269425392,-0.0016504507511854172,-0.0013188142329454422,-0.0009871767833828926,-0.0006555402651429176,-0.00032390374690294266,7.733702659606934e-06,0.0003393702208995819,0.0006710067391395569,0.0010026441887021065,0.0013342807069420815,0.0016659172251820564,0.001997554674744606,0.002329191192984581,0.002660827711224556,0.0029924651607871056,0.0033241016790270805,0.0036557381972670555,0.0039873747155070305,0.004319013096392155,0.00465064961463213,0.004982286132872105,0.00531392265111208,0.005645559169352055,0.00597719568759203,0.006308834068477154,0.006640470586717129,0.006972107104957104,0.007303743623197079,0.007635380141437054,0.007967016659677029,0.008298655040562153,0.008630291558802128,0.008961928077042103]},"_wandb":{"runtime":58},"_runtime":58,"loss":0.003761361353099346,"train_accuracy":1,"_step":200}