{"_timestamp":1.768046847339392e+09,"_wandb":{"runtime":53},"Epoch":9,"train_accuracy":1,"gradients":{"_type":"histogram","values":[1,1,0,0,0,0,0,0,0,0,0,1,0,0,1,0,0,0,0,0,0,0,1,1,2,0,0,0,2,5,3,6,9,19,21,23,30,47,80,224,777,88606,3465,403,114,55,31,14,4,3,3,5,1,0,0,0,1,0,1,0,0,0,0,2],"bins":[-0.08569464087486267,-0.08364821970462799,-0.08160179853439331,-0.07955537736415863,-0.07750895619392395,-0.07546254247426987,-0.07341612130403519,-0.0713697001338005,-0.06932327896356583,-0.06727685779333115,-0.06523043662309647,-0.06318402290344238,-0.061137598007917404,-0.059091176837682724,-0.05704475939273834,-0.05499833822250366,-0.05295191705226898,-0.0509054958820343,-0.04885907471179962,-0.04681265726685524,-0.04476623609662056,-0.04271981492638588,-0.0406733974814415,-0.03862697631120682,-0.03658055514097214,-0.03453413397073746,-0.03248771280050278,-0.030441295355558395,-0.028394874185323715,-0.026348453015089035,-0.024302035570144653,-0.022255614399909973,-0.020209193229675293,-0.018162772059440613,-0.016116350889205933,-0.014069929718971252,-0.012023508548736572,-0.009977094829082489,-0.007930673658847809,-0.005884252488613129,-0.0038378313183784485,-0.0017914101481437683,0.00025501102209091187,0.002301432192325592,0.004347845911979675,0.0063942670822143555,0.008440688252449036,0.010487109422683716,0.012533530592918396,0.014579951763153076,0.016626372933387756,0.018672794103622437,0.020719215273857117,0.0227656289935112,0.02481205016374588,0.02685847133398056,0.02890489250421524,0.03095131367444992,0.0329977348446846,0.03504415601491928,0.037090569734573364,0.039136990904808044,0.041183412075042725,0.043229833245277405,0.04527625814080238]},"loss":0.00999363511800766,"roc":{"_type":"image-file","sha256":"785e3bbc4935624c7234d0ca9998709a6d8e88538dbb5a5a503de887aa09f31b","size":24779,"path":"media/images/roc_200_785e3bbc4935624c7234.png","format":"png","width":640,"height":480},"_runtime":53,"_step":200}