{"_timestamp":1.7680399756241953e+09,"loss":0.015744376927614212,"_wandb":{"runtime":54},"Epoch":9,"_step":200,"gradients":{"bins":[-0.15244942903518677,-0.14771494269371033,-0.14298047125339508,-0.13824598491191864,-0.1335115134716034,-0.12877702713012695,-0.12404254823923111,-0.11930806934833527,-0.11457359045743942,-0.10983911156654358,-0.10510463267564774,-0.10037015378475189,-0.09563566744327545,-0.0909011960029602,-0.08616670966148376,-0.08143223077058792,-0.07669775187969208,-0.07196327298879623,-0.06722879409790039,-0.06249431520700455,-0.057759836316108704,-0.05302534997463226,-0.04829087108373642,-0.043556392192840576,-0.03882191330194473,-0.03408743441104889,-0.029352955520153046,-0.024618476629257202,-0.01988399028778076,-0.015149518847465515,-0.010415032505989075,-0.005680561065673828,-0.0009460747241973877,0.0037884116172790527,0.0085228830575943,0.01325736939907074,0.017991840839385986,0.022726327180862427,0.027460798621177673,0.032195284962654114,0.03692975640296936,0.0416642427444458,0.04639872908592224,0.05113320052623749,0.05586768686771393,0.060602158308029175,0.06533664464950562,0.07007111608982086,0.0748056024312973,0.07954008877277374,0.08427456021308899,0.08900904655456543,0.09374351799488068,0.09847798943519592,0.10321247577667236,0.1079469621181488,0.11268144845962524,0.11741593480110168,0.12215039134025574,0.12688487768173218,0.13161936402320862,0.13635385036468506,0.1410883069038391,0.14582279324531555,0.150557279586792],"_type":"histogram","values":[1,0,0,0,0,0,0,0,0,0,0,0,0,0,0,0,0,0,1,0,0,0,0,1,1,3,3,10,31,66,226,2415,91027,150,17,3,3,0,0,0,1,0,0,1,1,0,0,0,0,0,0,0,0,0,0,0,0,0,0,0,0,0,0,1]},"train_accuracy":1,"roc":{"width":640,"height":480,"_type":"image-file","sha256":"43447ed39053809e7dd8375fe37bca9b557d91a5bf42192cd1a07b3db9d5db37","size":24702,"path":"media/images/roc_200_43447ed39053809e7dd8.png","format":"png"},"_runtime":54}