{"loss":0.037978485226631165,"_wandb":{"runtime":76},"gradients":{"values":[1,1,0,1,0,0,0,0,0,0,2,0,0,0,0,1,3,3,3,2,1,4,5,5,15,20,31,42,93,178,514,2836,88191,1634,237,68,29,11,5,2,3,1,3,1,3,2,2,1,2,1,0,1,1,1,0,0,0,1,0,0,0,0,0,1],"bins":[-0.13081923127174377,-0.12678879499435425,-0.12275834381580353,-0.1187279000878334,-0.11469745635986328,-0.11066702008247375,-0.10663657635450363,-0.10260613262653351,-0.09857568889856339,-0.09454524517059326,-0.09051480144262314,-0.08648435771465302,-0.08245392143726349,-0.07842347025871277,-0.07439303398132324,-0.07036259025335312,-0.066332146525383,-0.06230170279741287,-0.05827125906944275,-0.054240815341472626,-0.0502103716135025,-0.046179935336112976,-0.04214949160814285,-0.03811904788017273,-0.034088604152202606,-0.030058160424232483,-0.02602771669626236,-0.021997272968292236,-0.01796683669090271,-0.013936392962932587,-0.009905949234962463,-0.00587550550699234,-0.0018450617790222168,0.0021853744983673096,0.00621582567691803,0.010246261954307556,0.014276713132858276,0.018307149410247803,0.022337600588798523,0.02636803686618805,0.03039848804473877,0.034428924322128296,0.03845936059951782,0.04248981177806854,0.04652024805545807,0.05055069923400879,0.054581135511398315,0.058611586689949036,0.06264202296733856,0.06667245924472809,0.07070291042327881,0.07473334670066833,0.07876379787921906,0.08279423415660858,0.0868246853351593,0.09085512161254883,0.09488555788993835,0.09891600906848907,0.1029464453458786,0.10697689652442932,0.11100733280181885,0.11503778398036957,0.1190682202577591,0.12309867143630981,0.12712909281253815],"_type":"histogram"},"_runtime":76,"roc":{"format":"png","width":640,"height":480,"_type":"image-file","sha256":"0655414f2a15c65047c9ee77fb5a61801965d490d0aed5484b0145d4b3416629","size":24960,"path":"media/images/roc_200_0655414f2a15c65047c9.png"},"Epoch":9,"train_accuracy":1,"_timestamp":1.7680416690498714e+09,"_step":200}