{"gradients":{"values":[1,1,0,0,1,0,0,0,0,0,0,0,3,0,0,0,1,1,2,0,1,0,1,3,8,9,19,40,68,163,533,3594,87837,1081,314,120,69,37,21,13,3,5,1,2,0,2,2,0,0,0,0,3,0,0,0,0,0,0,0,1,0,0,1,1],"bins":[-0.35845890641212463,-0.34731194376945496,-0.3361649811267853,-0.3250179886817932,-0.31387102603912354,-0.30272406339645386,-0.2915771007537842,-0.2804301381111145,-0.2692831754684448,-0.25813618302345276,-0.24698922038078308,-0.2358422577381134,-0.22469529509544373,-0.21354831755161285,-0.20240135490894318,-0.1912543773651123,-0.18010741472244263,-0.16896045207977295,-0.15781347453594208,-0.1466665118932724,-0.13551953434944153,-0.12437257170677185,-0.11322560906410217,-0.1020786464214325,-0.09093168377876282,-0.07978469133377075,-0.06863772869110107,-0.057490766048431396,-0.04634380340576172,-0.03519684076309204,-0.024049848318099976,-0.012902885675430298,-0.0017559230327606201,0.009391039609909058,0.020538002252578735,0.0316849946975708,0.04283195734024048,0.053978919982910156,0.06512588262557983,0.07627284526824951,0.08741983771324158,0.09856680035591125,0.10971376299858093,0.12086072564125061,0.1320076882839203,0.14315465092658997,0.15430161356925964,0.16544857621192932,0.176595538854599,0.18774256110191345,0.19888952374458313,0.2100364863872528,0.22118344902992249,0.23233041167259216,0.24347737431526184,0.2546243369579315,0.2657712996006012,0.2769182622432709,0.28806522488594055,0.299212247133255,0.3103592097759247,0.32150617241859436,0.33265313506126404,0.3438000977039337,0.354947030544281],"_type":"histogram"},"roc":{"_type":"image-file","sha256":"a19dd20aedba7385df85bf077b04ab544c65c3332460c6a22de4458049c0035f","size":24546,"path":"media/images/roc_200_a19dd20aedba7385df85.png","format":"png","width":640,"height":480},"_step":200,"Epoch":9,"_timestamp":1.7680444891558905e+09,"train_accuracy":0.96875,"loss":0.07339201867580414,"_wandb":{"runtime":55},"_runtime":55}