{"_timestamp":1.7680467837995162e+09,"_wandb":{"runtime":53},"_step":200,"train_accuracy":1,"roc":{"height":480,"_type":"image-file","sha256":"d9c1d339b15d505b5929668b44ce23279258169ba3e3d8c6aefa9470bef9d1eb","size":24861,"path":"media/images/roc_200_d9c1d339b15d505b5929.png","format":"png","width":640},"_runtime":53,"Epoch":9,"gradients":{"bins":[-0.13451270759105682,-0.1308690905570984,-0.12722548842430115,-0.12358187139034271,-0.11993826180696487,-0.11629465222358704,-0.1126510426402092,-0.10900743305683136,-0.10536381602287292,-0.10172021389007568,-0.09807659685611725,-0.09443298727273941,-0.09078937768936157,-0.08714576065540314,-0.0835021585226059,-0.07985854148864746,-0.07621493190526962,-0.07257132232189178,-0.06892771273851395,-0.06528409570455551,-0.06164048612117767,-0.057996876537799835,-0.054353266954422,-0.05070965737104416,-0.04706604778766632,-0.043422430753707886,-0.03977882117033005,-0.03613521158695221,-0.03249160200357437,-0.028847992420196533,-0.025204375386238098,-0.02156076580286026,-0.017917156219482422,-0.014273546636104584,-0.010629937052726746,-0.0069863200187683105,-0.0033427178859710693,0.0003008991479873657,0.003944516181945801,0.007588118314743042,0.011231735348701477,0.014875337481498718,0.018518954515457153,0.02216257154941559,0.02580617368221283,0.029449790716171265,0.033093392848968506,0.03673700988292694,0.04038061201572418,0.04402422904968262,0.04766784608364105,0.05131144821643829,0.05495506525039673,0.05859866738319397,0.062242284417152405,0.06588590145111084,0.06952950358390808,0.07317312061786652,0.07681672275066376,0.08046033978462219,0.08410395681858063,0.08774755895137787,0.0913911759853363,0.09503477811813354,0.09867839515209198],"_type":"histogram","values":[1,0,0,0,0,1,0,2,0,0,0,0,0,0,0,1,0,1,0,0,0,1,0,0,2,1,2,5,10,9,19,37,40,73,154,536,88470,3936,397,105,28,31,28,13,17,9,9,9,2,1,3,1,2,0,2,0,0,0,2,0,1,0,0,1]},"loss":0.01863246038556099}