{"_step":200,"roc":{"height":480,"_type":"image-file","sha256":"9b8154a815fc7454d03869b7a88c4341a2b3b3a8bb5222bb8fca3efe464751c0","size":24918,"path":"media/images/roc_200_9b8154a815fc7454d038.png","format":"png","width":640},"_runtime":49,"loss":0.006573790684342384,"train_accuracy":1,"_timestamp":1.7680459373977382e+09,"_wandb":{"runtime":49},"gradients":{"values":[1,0,0,0,0,1,0,0,0,0,0,1,2,0,1,1,0,1,2,0,0,2,1,5,5,7,21,57,96,251,717,3977,87771,777,133,60,28,20,6,2,2,3,1,0,1,1,0,1,1,1,0,0,3,0,0,0,0,0,1,0,0,0,0,1],"bins":[-0.04404648393392563,-0.042678073048591614,-0.0413096621632576,-0.039941247552633286,-0.03857283666729927,-0.037204425781965256,-0.03583601117134094,-0.03446760028600693,-0.03309918940067291,-0.0317307785153389,-0.030362365767359734,-0.02899395301938057,-0.027625542134046555,-0.02625713124871254,-0.024888718500733376,-0.02352030575275421,-0.022151894867420197,-0.02078348398208618,-0.019415071234107018,-0.018046658486127853,-0.01667824760079384,-0.015309836715459824,-0.01394142396748066,-0.012573011219501495,-0.01120460033416748,-0.009836189448833466,-0.00846777856349945,-0.007099363952875137,-0.0057309530675411224,-0.0043625421822071075,-0.002994127571582794,-0.0016257166862487793,-0.0002573058009147644,0.0011111050844192505,0.0024795159697532654,0.0038479305803775787,0.005216341465711594,0.0065847523510456085,0.007953166961669922,0.009321577847003937,0.010689988732337952,0.012058399617671967,0.013426810503005981,0.014795225113630295,0.01616363599896431,0.017532046884298325,0.018900461494922638,0.020268872380256653,0.021637283265590668,0.023005694150924683,0.024374105036258698,0.025742515921592712,0.027110926806926727,0.02847934514284134,0.029847756028175354,0.03121616691350937,0.032584577798843384,0.0339529886841774,0.035321399569511414,0.03668981045484543,0.03805822879076004,0.039426639676094055,0.04079505056142807,0.042163461446762085,0.0435318686068058],"_type":"histogram"},"Epoch":9}