{"Epoch":9,"loss":0.034675233066082,"gradients":{"_type":"histogram","values":[1,0,0,0,0,0,0,1,0,0,0,1,0,0,0,4,1,0,0,1,0,3,2,1,7,7,6,17,31,72,144,971,90528,1831,194,78,27,8,1,8,5,1,0,2,1,0,0,0,1,2,0,0,1,0,0,1,1,0,0,0,0,0,0,2],"bins":[-0.2205721139907837,-0.2138158679008484,-0.20705963671207428,-0.20030339062213898,-0.19354715943336487,-0.18679091334342957,-0.18003466725349426,-0.17327842116355896,-0.16652218997478485,-0.15976595878601074,-0.15300971269607544,-0.14625346660614014,-0.13949722051620483,-0.13274098932743073,-0.12598474323749542,-0.11922850459814072,-0.11247226595878601,-0.1057160273194313,-0.0989597886800766,-0.0922035425901413,-0.08544731140136719,-0.07869106531143188,-0.07193481922149658,-0.06517858803272247,-0.05842234194278717,-0.05166609585285187,-0.04490986466407776,-0.038153618574142456,-0.03139737248420715,-0.024641141295433044,-0.01788489520549774,-0.011128664016723633,-0.00437241792678833,0.0023838281631469727,0.009140059351921082,0.015896305441856384,0.022652536630630493,0.029408782720565796,0.0361650288105011,0.0429212749004364,0.049677491188049316,0.05643373727798462,0.06318998336791992,0.06994622945785522,0.07670247554779053,0.08345872163772583,0.09021493792533875,0.09697118401527405,0.10372743010520935,0.11048367619514465,0.11723992228507996,0.12399613857269287,0.13075238466262817,0.13750863075256348,0.14426487684249878,0.15102112293243408,0.15777736902236938,0.1645335853099823,0.1712898313999176,0.1780460774898529,0.1848023235797882,0.1915585696697235,0.19831478595733643,0.20507103204727173,0.21182726323604584]},"roc":{"_type":"image-file","sha256":"d7945a6ee8b5b8b12069c272197055da4997b13dafdc9ff6e0d7e12ccf7ff87c","size":24532,"path":"media/images/roc_200_d7945a6ee8b5b8b12069.png","format":"png","width":640,"height":480},"_timestamp":1.768046373765449e+09,"_step":200,"train_accuracy":1,"_wandb":{"runtime":51},"_runtime":51}