{"train_accuracy":1,"gradients":{"values":[1,0,0,0,1,0,1,0,0,0,0,0,0,0,0,0,0,0,0,1,1,0,0,0,2,0,1,1,0,2,1,2,2,5,6,8,9,26,33,49,124,202,419,1100,6973,83200,962,352,167,90,59,54,39,21,8,11,4,8,5,2,3,4,1,2],"bins":[-0.11197391152381897,-0.10948940366506577,-0.10700489580631256,-0.10452038794755936,-0.10203588008880615,-0.09955137223005295,-0.09706686437129974,-0.09458234906196594,-0.09209784865379333,-0.08961333334445953,-0.08712883293628693,-0.08464431762695312,-0.08215980976819992,-0.07967530190944672,-0.07719079405069351,-0.07470628619194031,-0.0722217783331871,-0.0697372704744339,-0.0672527626156807,-0.06476825475692749,-0.062283746898174286,-0.05979923531413078,-0.05731472745537758,-0.054830219596624374,-0.05234571173787117,-0.049861203879117966,-0.04737669229507446,-0.04489218443632126,-0.042407676577568054,-0.03992316871881485,-0.037438660860061646,-0.03495415300130844,-0.03246964514255524,-0.029985137283802032,-0.027500629425048828,-0.025016121566295624,-0.02253161370754242,-0.020047105848789215,-0.01756259799003601,-0.015078090131282806,-0.012593582272529602,-0.0101090669631958,-0.0076245591044425964,-0.005140051245689392,-0.0026555433869361877,-0.0001710355281829834,0.002313472330570221,0.004797980189323425,0.00728248804807663,0.009766995906829834,0.012251503765583038,0.014736011624336243,0.017220526933670044,0.01970502734184265,0.022189542651176453,0.02467404305934906,0.02715855836868286,0.02964305877685547,0.03212757408618927,0.03461207449436188,0.03709658980369568,0.039581090211868286,0.04206560552120209,0.044550105929374695,0.047034624963998795],"_type":"histogram"},"loss":0.02041086181998253,"_timestamp":1.7680448233680418e+09,"Epoch":9,"_wandb":{"runtime":54},"_runtime":54,"roc":{"path":"media/images/roc_200_40429931f76b2c0f3a35.png","format":"png","width":640,"height":480,"_type":"image-file","sha256":"40429931f76b2c0f3a356303e1f3b4e1a15a356f6b41239c228fdc229ddcf77e","size":24610},"_step":200}