{"Epoch":9,"_timestamp":1.7680453082186306e+09,"roc":{"height":480,"_type":"image-file","sha256":"9c285f5a552e6dc200499096d34575779dcbfa1a656921b5adb645e6ad349440","size":24598,"path":"media/images/roc_200_9c285f5a552e6dc20049.png","format":"png","width":640},"_runtime":58,"loss":0.012694763951003551,"_step":200,"train_accuracy":1,"_wandb":{"runtime":58},"gradients":{"_type":"histogram","values":[1,0,0,0,0,0,0,0,0,0,0,1,0,0,0,1,1,0,0,0,1,0,0,0,1,2,1,1,5,2,8,19,43,121,469,90518,2530,140,57,16,6,5,5,0,2,0,1,0,1,0,0,1,1,0,0,0,1,0,0,0,0,0,0,1],"bins":[-0.07726331800222397,-0.07511118054389954,-0.0729590430855751,-0.07080690562725067,-0.06865476816892624,-0.0665026307106018,-0.06435049325227737,-0.06219835206866264,-0.06004621461033821,-0.05789407715201378,-0.055741939693689346,-0.053589798510074615,-0.05143766105175018,-0.04928552359342575,-0.04713338613510132,-0.044981248676776886,-0.042829111218452454,-0.04067697376012802,-0.03852483630180359,-0.036372698843479156,-0.034220561385154724,-0.03206842020153999,-0.02991628274321556,-0.02776414528489113,-0.025612007826566696,-0.023459870368242264,-0.02130773290991783,-0.0191555954515934,-0.017003454267978668,-0.014851316809654236,-0.012699179351329803,-0.010547041893005371,-0.008394904434680939,-0.006242766976356506,-0.004090629518032074,-0.0019384920597076416,0.00021364539861679077,0.002365782856941223,0.0045179203152656555,0.006670057773590088,0.00882219523191452,0.01097434014081955,0.013126477599143982,0.015278615057468414,0.017430752515792847,0.01958288997411728,0.02173502743244171,0.023887164890766144,0.026039302349090576,0.02819143980741501,0.03034357726573944,0.03249571472406387,0.034647852182388306,0.03679998964071274,0.03895212709903717,0.0411042645573616,0.04325640946626663,0.045408546924591064,0.0475606843829155,0.04971281439065933,0.05186495929956436,0.0540170893073082,0.056169234216213226,0.05832136422395706,0.06047350540757179]}}