{"Epoch":9,"roc":{"width":640,"height":480,"_type":"image-file","sha256":"649b91505eda38ddb96d77a1d15c582ec154b194c7ae400ff8c6b6dcefead992","size":24476,"path":"media/images/roc_200_649b91505eda38ddb96d.png","format":"png"},"_runtime":75,"_timestamp":1.7680421737219694e+09,"_wandb":{"runtime":75},"gradients":{"_type":"histogram","values":[1,0,0,0,0,0,0,0,0,0,0,0,2,0,0,1,2,0,1,4,1,1,1,0,2,7,4,8,22,46,80,133,307,1147,89753,2074,235,65,24,18,6,1,2,0,1,1,1,4,1,1,0,1,1,2,0,0,0,0,0,0,0,0,0,1],"bins":[-0.00997222401201725,-0.009685149416327477,-0.009398074820637703,-0.00911100022494793,-0.008823925629258156,-0.008536851964890957,-0.008249777369201183,-0.00796270277351141,-0.007675628177821636,-0.007388553582131863,-0.007101478986442089,-0.006814404856413603,-0.006527330260723829,-0.006240255665034056,-0.0059531815350055695,-0.005666106939315796,-0.005379032343626022,-0.005091957747936249,-0.004804883152246475,-0.004517809022217989,-0.004230734426528215,-0.003943659830838442,-0.0036565857008099556,-0.003369511105120182,-0.0030824365094304085,-0.002795361913740635,-0.0025082873180508614,-0.002221213188022375,-0.0019341390579938889,-0.0016470644623041153,-0.0013599898666143417,-0.0010729152709245682,-0.0007858406752347946,-0.0004987660795450211,-0.0002116914838552475,7.538311183452606e-05,0.0003624577075242996,0.0006495313718914986,0.0009366059675812721,0.0012236805632710457,0.0015107551589608192,0.0017978297546505928,0.0020849043503403664,0.00237197894603014,0.002659052610397339,0.0029461272060871124,0.003233201801776886,0.0035202763974666595,0.003807350993156433,0.004094425588846207,0.00438150018453598,0.004668574780225754,0.004955649375915527,0.005242723040282726,0.0055297976359725,0.005816873162984848,0.006103945896029472,0.006391020491719246,0.0066780950874090195,0.006965169683098793,0.007252244278788567,0.00753931887447834,0.007826393470168114,0.008113468065857887,0.008400541730225086]},"loss":0.0017477469518780708,"train_accuracy":1,"_step":200}