{"train_accuracy":1,"roc":{"size":24537,"path":"media/images/roc_200_00f9217a5562cc68c57b.png","format":"png","width":640,"height":480,"_type":"image-file","sha256":"00f9217a5562cc68c57b40194662249671f946a7d762b657cd40f3003d325898"},"_wandb":{"runtime":56},"loss":0.003863716498017311,"Epoch":9,"_timestamp":1.7680465148316917e+09,"_runtime":56,"_step":200,"gradients":{"values":[1,0,0,0,0,0,1,0,0,0,2,0,0,0,0,0,2,0,1,0,3,4,3,8,9,16,22,34,63,197,416,1405,88363,2649,451,136,63,37,25,13,13,5,2,6,4,2,1,0,1,1,0,0,0,0,1,0,0,0,0,1,0,0,0,1],"bins":[-0.02498278208076954,-0.024218542501330376,-0.023454302921891212,-0.02269006334245205,-0.021925821900367737,-0.021161582320928574,-0.02039734274148941,-0.019633103162050247,-0.018868863582611084,-0.01810462400317192,-0.017340384423732758,-0.016576144844293594,-0.01581190526485443,-0.015047664754092693,-0.014283424243330956,-0.013519184663891792,-0.012754945084452629,-0.011990705505013466,-0.011226465925574303,-0.010462225414812565,-0.009697985835373402,-0.008933745324611664,-0.0081695057451725,-0.007405266165733337,-0.006641026586294174,-0.005876787006855011,-0.005112547427415848,-0.004348307847976685,-0.003584066405892372,-0.002819826826453209,-0.0020555872470140457,-0.0012913476675748825,-0.0005271080881357193,0.0002371314913034439,0.0010013710707426071,0.0017656106501817703,0.0025298502296209335,0.003294091671705246,0.004058331251144409,0.004822570830583572,0.005586810410022736,0.006351051852107048,0.007115291431546211,0.007879531010985374,0.008643770590424538,0.0094080101698637,0.010172249749302864,0.010936489328742027,0.01170072890818119,0.012464968487620354,0.013229208067059517,0.01399344764649868,0.014757687225937843,0.015521926805377007,0.01628616638481617,0.017050405964255333,0.017814649268984795,0.018578888848423958,0.01934312842786312,0.020107368007302284,0.020871607586741447,0.02163584716618061,0.022400086745619774,0.023164326325058937,0.02392856404185295],"_type":"histogram"}}