{"gradients":{"bins":[-0.1472456306219101,-0.14380553364753723,-0.14036543667316437,-0.1369253396987915,-0.13348522782325745,-0.13004513084888458,-0.12660503387451172,-0.12316493690013885,-0.11972483992576599,-0.11628473550081253,-0.11284463852643967,-0.1094045341014862,-0.10596443712711334,-0.10252434015274048,-0.09908424317836761,-0.09564414620399475,-0.09220404177904129,-0.08876393735408783,-0.08532384037971497,-0.0818837434053421,-0.07844364643096924,-0.07500354200601578,-0.07156344503164291,-0.06812334805727005,-0.06468324363231659,-0.061243146657943726,-0.05780304968357086,-0.054362952709198,-0.05092284828424454,-0.047482751309871674,-0.04404265433549881,-0.04060254991054535,-0.037162452936172485,-0.03372235596179962,-0.03028225153684616,-0.026842154562473297,-0.023402057588100433,-0.019961953163146973,-0.01652185618877411,-0.013081759214401245,-0.009641662240028381,-0.006201565265655518,-0.00276145339012146,0.0006786435842514038,0.004118740558624268,0.007558837532997131,0.010998934507369995,0.014439031481742859,0.017879143357276917,0.02131924033164978,0.024759337306022644,0.028199434280395508,0.03163953125476837,0.035079628229141235,0.0385197252035141,0.04195983707904816,0.04539993405342102,0.048840031027793884,0.05228012800216675,0.05572022497653961,0.059160321950912476,0.06260043382644653,0.0660405308008194,0.06948062777519226,0.07292072474956512],"_type":"histogram","values":[1,0,0,0,0,0,0,0,0,0,0,0,0,0,0,0,0,0,0,2,0,1,0,1,1,0,0,0,1,1,1,2,7,5,5,13,25,29,37,90,210,989,88471,3598,363,57,22,4,8,3,0,2,2,3,2,1,1,1,0,0,0,1,1,1]},"_wandb":{"runtime":65},"loss":0.02924656867980957,"_timestamp":1.7680394588904803e+09,"roc":{"width":640,"height":480,"_type":"image-file","sha256":"4876eb6efdd4233257d4de3167fbd9a6ed6451ff73e86a96872a50c3da1f9b4a","size":24745,"path":"media/images/roc_200_4876eb6efdd4233257d4.png","format":"png"},"_step":200,"train_accuracy":1,"_runtime":65,"Epoch":9}