{"Epoch":9,"gradients":{"values":[1,0,0,0,0,1,0,0,0,0,0,0,1,0,1,1,0,2,0,2,1,0,1,3,0,1,0,2,12,25,46,106,317,1245,89631,1876,398,122,52,35,15,7,11,12,8,12,4,4,0,1,0,1,0,2,1,0,0,0,0,1,0,0,0,1],"bins":[-0.051904626190662384,-0.05040636658668518,-0.048908110707998276,-0.04740985110402107,-0.04591159522533417,-0.044413335621356964,-0.04291507601737976,-0.04141681641340256,-0.03991856053471565,-0.03842030465602875,-0.036922045052051544,-0.03542378544807434,-0.03392552584409714,-0.03242726996541023,-0.03092901036143303,-0.029430752620100975,-0.02793249487876892,-0.026434237137436867,-0.024935979396104813,-0.02343771979212761,-0.021939462050795555,-0.0204412043094635,-0.018942944705486298,-0.017444688826799393,-0.01594642922282219,-0.014448169618844986,-0.012949913740158081,-0.011451654136180878,-0.009953394532203674,-0.00845513865351677,-0.006956879049539566,-0.005458623170852661,-0.003960363566875458,-0.0024621039628982544,-0.0009638480842113495,0.0005344115197658539,0.002032667398452759,0.003530927002429962,0.0050291866064071655,0.0065274424850940704,0.008025702089071274,0.009523961693048477,0.011022217571735382,0.012520477175712585,0.014018736779689789,0.015516996383666992,0.0170152485370636,0.018513508141040802,0.020011767745018005,0.02151002734899521,0.023008286952972412,0.02450653910636902,0.026004798710346222,0.027503058314323425,0.02900131791830063,0.030499577522277832,0.031997837126255035,0.03349608927965164,0.034994348883628845,0.03649260848760605,0.03799086809158325,0.039489127695560455,0.04098737984895706,0.042485639452934265,0.04398389905691147],"_type":"histogram"},"_wandb":{"runtime":58},"_runtime":58,"loss":0.008211136795580387,"_timestamp":1.7680475835352654e+09,"train_accuracy":1,"roc":{"sha256":"0e3ae0074ddc675ebf75bb3d7636b47b6b5c9781c793039541dcca406c51ec6e","size":24449,"path":"media/images/roc_200_0e3ae0074ddc675ebf75.png","format":"png","width":640,"height":480,"_type":"image-file"},"_step":200}