{"_wandb":{"runtime":58},"_timestamp":1.768044555271623e+09,"_runtime":58,"_step":200,"loss":0.017963256686925888,"gradients":{"_type":"histogram","values":[2,0,0,2,1,0,1,0,0,0,2,0,2,2,1,3,0,0,1,0,3,1,5,7,10,25,30,82,156,347,981,80843,10333,713,205,93,44,23,13,8,1,3,2,5,0,1,1,0,2,1,2,1,0,1,0,0,1,0,0,0,1,0,0,1],"bins":[-0.0707080140709877,-0.06849828362464905,-0.0662885531783104,-0.06407882273197174,-0.06186909228563309,-0.059659361839294434,-0.05744963139295578,-0.055239900946617126,-0.05303017050027847,-0.05082044005393982,-0.048610709607601166,-0.04640097916126251,-0.04419124871492386,-0.041981518268585205,-0.03977178782224655,-0.0375620573759079,-0.035352326929569244,-0.03314259648323059,-0.030932866036891937,-0.028723135590553284,-0.02651340514421463,-0.024303674697875977,-0.022093944251537323,-0.01988421380519867,-0.017674483358860016,-0.015464752912521362,-0.013255022466182709,-0.011045292019844055,-0.008835561573505402,-0.006625831127166748,-0.0044161006808280945,-0.002206370234489441,3.3602118492126465e-06,0.002213090658187866,0.00442282110452652,0.006632551550865173,0.008842281997203827,0.01105201244354248,0.013261742889881134,0.015471473336219788,0.01768120378255844,0.019890934228897095,0.02210066467523575,0.024310395121574402,0.026520125567913055,0.02872985601425171,0.030939586460590363,0.033149316906929016,0.03535904735326767,0.03756877779960632,0.03977850824594498,0.04198823869228363,0.044197969138622284,0.04640769958496094,0.04861743003129959,0.050827160477638245,0.0530368909239769,0.055246613919734955,0.057456351816654205,0.059666089713573456,0.06187581270933151,0.06408553570508957,0.06629527360200882,0.06850501149892807,0.07071473449468613]},"train_accuracy":1,"Epoch":9,"roc":{"_type":"image-file","sha256":"8be8abc962df901bbf7aff600d9f53d03dbe50f6e96d32ea34728b3bb495b1a6","size":24548,"path":"media/images/roc_200_8be8abc962df901bbf7a.png","format":"png","width":640,"height":480}}