{"gradients":{"values":[2,0,0,0,0,1,0,0,0,0,0,0,0,0,0,0,0,0,0,2,0,0,0,0,1,0,0,0,1,3,0,1,3,3,3,14,33,71,262,2449,90652,277,66,43,28,14,13,4,4,3,1,1,1,0,1,0,1,1,0,0,1,0,1,1],"bins":[-0.20038077235221863,-0.1954040229320526,-0.1904272735118866,-0.1854505091905594,-0.18047375977039337,-0.17549701035022736,-0.17052026093006134,-0.16554351150989532,-0.16056674718856812,-0.1555899977684021,-0.15061324834823608,-0.14563649892807007,-0.14065974950790405,-0.13568300008773804,-0.13070625066757202,-0.1257294863462448,-0.1207527369260788,-0.11577598750591278,-0.11079923063516617,-0.10582248121500015,-0.10084572434425354,-0.09586897492408752,-0.09089222550392151,-0.0859154686331749,-0.08093871921300888,-0.07596196979284286,-0.07098521292209625,-0.06600846350193024,-0.06103171408176422,-0.056054964661598206,-0.051078200340270996,-0.04610145092010498,-0.041124701499938965,-0.03614795207977295,-0.031171202659606934,-0.026194438338279724,-0.02121768891811371,-0.016240939497947693,-0.011264190077781677,-0.006287440657615662,-0.0013106763362884521,0.0036660730838775635,0.008642822504043579,0.013619571924209595,0.01859632134437561,0.023573070764541626,0.028549835085868835,0.03352658450603485,0.03850333392620087,0.04348008334636688,0.0484568327665329,0.05343359708786011,0.05841034650802612,0.06338709592819214,0.06836384534835815,0.07334059476852417,0.07831734418869019,0.0832940936088562,0.08827084302902222,0.09324762225151062,0.09822437167167664,0.10320112109184265,0.10817787051200867,0.11315461993217468,0.1181313619017601],"_type":"histogram"},"loss":0.026115454733371735,"_step":200,"Epoch":9,"roc":{"size":24959,"path":"media/images/roc_200_09cb9cb72236b6b1e5ae.png","format":"png","width":640,"height":480,"_type":"image-file","sha256":"09cb9cb72236b6b1e5ae78368a0ff7a92221589cf6d4dcd9f5eacceca60ac9a3"},"_wandb":{"runtime":60},"_runtime":60,"_timestamp":1.76804779456168e+09,"train_accuracy":1}