{"_timestamp":1.7680418301053338e+09,"gradients":{"bins":[-0.047236356884241104,-0.04575589671730995,-0.0442754365503788,-0.042794980108737946,-0.04131451994180679,-0.03983405977487564,-0.03835359960794449,-0.036873139441013336,-0.035392679274082184,-0.03391222283244133,-0.03243176266551018,-0.030951302498579025,-0.029470842331647873,-0.02799038402736187,-0.026509923860430717,-0.025029465556144714,-0.023549005389213562,-0.02206854522228241,-0.020588086917996407,-0.019107626751065254,-0.01762716844677925,-0.0161467082798481,-0.014666248112916946,-0.013185787945985794,-0.011705327779054642,-0.010224871337413788,-0.008744411170482635,-0.007263951003551483,-0.005783490836620331,-0.0043030306696891785,-0.0028225742280483246,-0.0013421140611171722,0.0001383461058139801,0.0016188062727451324,0.003099266439676285,0.004579722881317139,0.006060183048248291,0.007540643215179443,0.009021103382110596,0.010501563549041748,0.011982019990682602,0.013462480157613754,0.014942940324544907,0.01642340049147606,0.01790386065840721,0.019384320825338364,0.020864780992269516,0.02234524115920067,0.02382570132613182,0.025306154042482376,0.02678661420941353,0.02826707437634468,0.029747534543275833,0.031227994710206985,0.03270845487713814,0.03418891504406929,0.03566937521100044,0.037149835377931595,0.03863029554486275,0.0401107482612133,0.041591208428144455,0.04307166859507561,0.04455212876200676,0.04603258892893791,0.04751305282115936],"_type":"histogram","values":[1,0,0,1,0,0,0,1,0,0,0,0,1,2,1,0,1,0,2,3,0,5,5,10,16,25,67,86,123,243,906,86507,5262,467,146,36,16,5,5,6,2,1,1,1,1,0,0,0,0,1,2,0,0,0,0,0,2,0,0,0,0,1,0,1]},"_step":200,"roc":{"size":24700,"path":"media/images/roc_200_e56aee9bb0f6c81e4ab4.png","format":"png","width":640,"height":480,"_type":"image-file","sha256":"e56aee9bb0f6c81e4ab4e54440e25f0ceabf6b36ffccee4fdca66712b09eb29d"},"Epoch":9,"_wandb":{"runtime":70},"loss":0.007878647185862064,"train_accuracy":1,"_runtime":70}