{"_step":200,"_timestamp":1.768043179693593e+09,"_runtime":65,"Epoch":9,"_wandb":{"runtime":65},"loss":0.009717630222439766,"train_accuracy":1,"gradients":{"_type":"histogram","values":[1,0,0,0,0,0,1,3,1,0,0,2,1,1,0,0,1,1,1,3,9,8,3,1,8,15,17,31,62,88,128,255,477,1094,4811,84921,1198,381,183,88,59,36,17,18,9,7,3,5,5,2,1,1,0,0,1,1,0,0,1,1,0,0,0,1],"bins":[-0.03638388589024544,-0.035350799560546875,-0.034317709505558014,-0.03328462317585945,-0.03225153684616089,-0.031218448653817177,-0.030185360461473465,-0.029152274131774902,-0.02811918593943119,-0.02708609774708748,-0.026053011417388916,-0.025019923225045204,-0.023986835032701492,-0.02295374870300293,-0.021920660510659218,-0.020887572318315506,-0.019854485988616943,-0.01882139779627323,-0.01778831146657467,-0.016755223274230957,-0.015722136944532394,-0.014689048752188683,-0.01365596055984497,-0.012622874230146408,-0.011589786037802696,-0.010556697845458984,-0.009523611515760422,-0.00849052332341671,-0.007457435131072998,-0.006424348801374435,-0.005391260609030724,-0.004358172416687012,-0.003325086086988449,-0.0022919997572898865,-0.0012589097023010254,-0.00022582337260246277,0.0008072629570960999,0.001840353012084961,0.0028734393417835236,0.003906525671482086,0.004939612001180649,0.00597270205616951,0.0070057883858680725,0.008038874715566635,0.009071964770555496,0.010105051100254059,0.011138137429952621,0.012171227484941483,0.013204313814640045,0.014237400144338608,0.015270490199327469,0.01630357652902603,0.017336662858724594,0.018369752913713455,0.019402839243412018,0.02043592557311058,0.02146901562809944,0.022502101957798004,0.023535188287496567,0.02456827461719513,0.02560136467218399,0.026634451001882553,0.027667541056871414,0.02870062366127968,0.02973371557891369]},"roc":{"width":640,"height":480,"_type":"image-file","sha256":"f268bda93edf359d0d68745ec96d10a3a1cda4fe26cf0cd4f112a129d7b9cd03","size":24609,"path":"media/images/roc_200_f268bda93edf359d0d68.png","format":"png"}}