{"_wandb":{"runtime":76},"_runtime":76,"_step":99,"Epoch":9,"loss":0.011025813408195972,"_timestamp":1.7678779684546063e+09}