{"_timestamp":1.7680435650161073e+09,"train_accuracy":0.9375,"Epoch":9,"roc":{"size":24566,"path":"media/images/roc_200_c03e23281cce36ae4482.png","format":"png","width":640,"height":480,"_type":"image-file","sha256":"c03e23281cce36ae4482a1025994e39be1105d61d5ffabd8a8e75b072f1a86b5"},"loss":0.08586782217025757,"_step":200,"_runtime":54,"_wandb":{"runtime":54},"gradients":{"_type":"histogram","values":[1,0,0,0,0,0,0,0,0,0,0,0,1,1,0,0,1,0,1,1,1,2,0,1,0,1,3,4,20,105,686,92240,706,105,35,24,11,1,3,0,0,1,1,1,1,0,1,0,0,0,1,1,0,0,0,0,0,0,0,0,0,0,0,1],"bins":[-0.4665798842906952,-0.4517897665500641,-0.4369996190071106,-0.4222095012664795,-0.407419353723526,-0.3926292359828949,-0.3778390884399414,-0.3630489706993103,-0.3482588529586792,-0.3334687352180481,-0.3186785876750946,-0.3038884401321411,-0.28909832239151,-0.2743082046508789,-0.2595180869102478,-0.2447279393672943,-0.22993780672550201,-0.21514767408370972,-0.2003575563430786,-0.18556740880012512,-0.17077729105949402,-0.15598714351654053,-0.14119702577590942,-0.12640690803527832,-0.11161676049232483,-0.09682664275169373,-0.08203649520874023,-0.06724637746810913,-0.05245625972747803,-0.037666112184524536,-0.022875994443893433,-0.008085846900939941,0.006704270839691162,0.021494388580322266,0.03628453612327576,0.05107465386390686,0.06586477160453796,0.08065494894981384,0.09544506669044495,0.11023518443107605,0.12502530217170715,0.13981541991233826,0.15460559725761414,0.16939571499824524,0.18418583273887634,0.19897595047950745,0.21376606822013855,0.22855624556541443,0.24334636330604553,0.25813648104667664,0.27292659878730774,0.28771671652793884,0.3025068938732147,0.3172970116138458,0.33208712935447693,0.34687724709510803,0.36166736483573914,0.376457542181015,0.3912476599216461,0.4060377776622772,0.4208278954029083,0.43561801314353943,0.4504081904888153,0.4651983082294464,0.4799884259700775]}}