{"roc":{"format":"png","width":640,"height":480,"_type":"image-file","sha256":"494bab5f6aea77e665340c7a82716f3b945fa5e29dbe3c5a1a1c6a27bbaac8fc","size":24360,"path":"media/images/roc_200_494bab5f6aea77e66534.png"},"_wandb":{"runtime":57},"_step":200,"_runtime":57,"train_accuracy":1,"_timestamp":1.7680467198468542e+09,"Epoch":9,"loss":0.00822331104427576,"gradients":{"values":[1,1,0,0,0,0,1,0,0,0,0,0,1,0,0,0,1,0,1,0,0,1,0,1,0,1,1,0,2,2,5,4,9,20,36,74,170,487,5158,87216,523,119,41,20,17,17,7,6,3,3,2,0,5,0,1,1,1,0,0,0,1,0,0,2],"bins":[-0.06942381709814072,-0.0676485151052475,-0.06587320566177368,-0.06409790366888046,-0.062322597950696945,-0.06054729223251343,-0.05877199023962021,-0.05699668452143669,-0.055221378803253174,-0.053446073085069656,-0.05167076736688614,-0.04989546537399292,-0.0481201596558094,-0.046344853937625885,-0.044569551944732666,-0.04279424622654915,-0.04101894050836563,-0.039243634790182114,-0.037468329071998596,-0.03569302707910538,-0.03391772136092186,-0.03214241564273834,-0.030367113649845123,-0.028591807931661606,-0.02681650221347809,-0.02504119649529457,-0.023265890777111053,-0.021490588784217834,-0.019715283066034317,-0.0179399773478508,-0.01616467535495758,-0.014389369636774063,-0.012614063918590546,-0.010838758200407028,-0.00906345248222351,-0.007288150489330292,-0.005512841045856476,-0.003737539052963257,-0.001962237060070038,-0.00018692761659622192,0.001588374376296997,0.003363676369190216,0.005138985812664032,0.006914287805557251,0.00868958979845047,0.010464899241924286,0.012240201234817505,0.01401551067829132,0.01579081267118454,0.01756611466407776,0.019341424107551575,0.021116726100444794,0.02289203554391861,0.02466733753681183,0.026442639529705048,0.028217948973178864,0.029993250966072083,0.0317685529589653,0.03354386240243912,0.035319164395332336,0.037094466388225555,0.03886977583169937,0.04064507782459259,0.042420387268066406,0.04419568553566933],"_type":"histogram"}}