{"_step":200,"_wandb":{"runtime":43},"loss":0.04710375890135765,"train_accuracy":0.96875,"_timestamp":1.768048248199113e+09,"gradients":{"bins":[-0.23623767495155334,-0.2288878858089447,-0.22153811156749725,-0.2141883224248886,-0.20683853328227997,-0.19948875904083252,-0.19213896989822388,-0.18478918075561523,-0.1774393916130066,-0.17008960247039795,-0.1627398282289505,-0.15539003908634186,-0.1480402648448944,-0.14069047570228577,-0.13334068655967712,-0.12599089741706848,-0.11864111572504044,-0.11129133403301239,-0.10394154489040375,-0.0965917557477951,-0.08924198150634766,-0.08189219236373901,-0.07454240322113037,-0.06719261407852173,-0.05984283983707428,-0.05249305069446564,-0.045143261551856995,-0.037793487310409546,-0.030443698167800903,-0.02309390902519226,-0.015744119882583618,-0.00839434564113617,-0.0010445564985275269,0.006305232644081116,0.013655006885528564,0.021004796028137207,0.02835458517074585,0.03570437431335449,0.043054163455963135,0.05040395259857178,0.05775371193885803,0.06510350108146667,0.07245329022407532,0.07980307936668396,0.0871528685092926,0.09450265765190125,0.10185244679450989,0.10920220613479614,0.11655199527740479,0.12390178442001343,0.13125157356262207,0.1386013627052307,0.14595115184783936,0.153300940990448,0.16065070033073425,0.1680004894733429,0.17535027861595154,0.18270006775856018,0.19004985690116882,0.19739964604377747,0.2047494351863861,0.21209919452667236,0.219448983669281,0.22679877281188965,0.2341485619544983],"_type":"histogram","values":[2,0,1,1,0,0,1,0,0,0,1,0,0,1,0,1,0,3,1,2,2,0,2,6,6,12,16,31,51,133,410,4696,87821,545,95,43,23,16,9,2,8,1,3,4,2,2,1,0,1,0,1,0,0,1,0,0,0,1,0,1,0,1,0,2]},"_runtime":43,"Epoch":9,"roc":{"height":480,"_type":"image-file","sha256":"5055ebecfad1711c5fab09b6ca58465bb1f81bc607d9c42ecb22829508dab40a","size":24345,"path":"media/images/roc_200_5055ebecfad1711c5fab.png","format":"png","width":640}}