{"_wandb":{"runtime":52},"_runtime":52,"_timestamp":1.7680469714438815e+09,"loss":0.004094654228538275,"_step":200,"roc":{"sha256":"17256f1e2e340c4129e81c41d01ffa982b8808c0f9b779a67d1e3b95b1859f0b","size":24593,"path":"media/images/roc_200_17256f1e2e340c4129e8.png","format":"png","width":640,"height":480,"_type":"image-file"},"Epoch":9,"gradients":{"_type":"histogram","values":[1,0,0,0,0,0,0,1,0,1,0,1,1,0,2,2,1,4,1,1,1,3,5,6,4,13,30,40,98,253,1044,86203,5758,351,71,16,13,9,5,0,4,6,2,1,1,2,1,1,0,0,0,1,1,0,1,0,0,1,0,0,0,0,0,1],"bins":[-0.01754002645611763,-0.01699044182896614,-0.016440855339169502,-0.015891268849372864,-0.015341684222221375,-0.01479209866374731,-0.014242513105273247,-0.013692927546799183,-0.013143341988325119,-0.012593756429851055,-0.012044170871376991,-0.011494585312902927,-0.010944999754428864,-0.0103954141959548,-0.009845828637480736,-0.009296243079006672,-0.008746657520532608,-0.008197071962058544,-0.00764748640358448,-0.007097900845110416,-0.0065483152866363525,-0.005998729728162289,-0.005449144169688225,-0.004899558611214161,-0.004349973052740097,-0.003800387494266033,-0.0032508019357919693,-0.0027012163773179054,-0.0021516308188438416,-0.0016020461916923523,-0.0010524597018957138,-0.0005028732120990753,4.671141505241394e-05,0.0005962960422039032,0.0011458825320005417,0.0016954690217971802,0.0022450536489486694,0.0027946382761001587,0.003344224765896797,0.0038938112556934357,0.004443395882844925,0.004992980509996414,0.005542566999793053,0.006092153489589691,0.00664173811674118,0.00719132274389267,0.007740909233689308,0.008290495723485947,0.008840080350637436,0.009389664977788925,0.009939251467585564,0.010488837957382202,0.011038422584533691,0.01158800721168518,0.01213759370148182,0.012687180191278458,0.013236764818429947,0.013786349445581436,0.014335934072732925,0.014885522425174713,0.015435107052326202,0.01598469167947769,0.01653428003191948,0.01708386465907097,0.017633449286222458]},"train_accuracy":1}