{"loss":0.025546969845891,"_timestamp":1.7680407394691308e+09,"gradients":{"values":[1,0,0,0,0,1,0,0,1,1,1,0,0,0,0,1,0,2,1,1,1,1,0,3,4,4,7,16,30,46,93,185,506,2685,88922,1087,171,89,32,27,13,11,5,2,2,1,1,1,1,0,3,0,0,0,1,0,0,0,1,0,0,0,0,1],"bins":[-0.11299202591180801,-0.10970335453748703,-0.10641469061374664,-0.10312601923942566,-0.09983734786510468,-0.09654867649078369,-0.09326000511646271,-0.08997134119272232,-0.08668266981840134,-0.08339399844408035,-0.08010533452033997,-0.07681666314601898,-0.073527991771698,-0.07023932039737701,-0.06695064902305603,-0.06366198509931564,-0.06037331372499466,-0.057084642350673676,-0.05379597470164299,-0.050507307052612305,-0.04721863567829132,-0.04392996430397034,-0.04064130038022995,-0.037352629005908966,-0.03406395763158798,-0.030775286257267,-0.027486614882946014,-0.024197950959205627,-0.020909279584884644,-0.01762060821056366,-0.014331944286823273,-0.011043272912502289,-0.007754601538181305,-0.004465930163860321,-0.0011772587895393372,0.00211140513420105,0.005400076508522034,0.008688747882843018,0.011977411806583405,0.015266083180904388,0.018554754555225372,0.021843425929546356,0.02513209730386734,0.028420768678188324,0.031709425151348114,0.0349980965256691,0.03828676789999008,0.041575439274311066,0.04486411064863205,0.04815278202295303,0.05144145339727402,0.054730124771595,0.058018796145915985,0.061307452619075775,0.06459612399339676,0.06788479536771774,0.07117346674203873,0.07446213811635971,0.0777508094906807,0.08103948086500168,0.08432813733816147,0.08761680871248245,0.09090548008680344,0.09419415146112442,0.0974828228354454],"_type":"histogram"},"roc":{"height":480,"_type":"image-file","sha256":"d4d2bf26ea8072c0bb02c62a451f48769a39385e7f9cd53f8fe1c22bea678bee","size":24582,"path":"media/images/roc_200_d4d2bf26ea8072c0bb02.png","format":"png","width":640},"Epoch":9,"_runtime":74,"train_accuracy":1,"_wandb":{"runtime":74},"_step":200}