{"loss":0.018060320988297462,"_runtime":52,"Epoch":9,"_wandb":{"runtime":52},"_timestamp":1.7680393779680347e+09,"_step":200,"train_accuracy":1,"roc":{"format":"png","width":640,"height":480,"_type":"image-file","sha256":"c52ec6cbc1799dc932e7a55e0c377043d42ba26d1e7a85a0218622881bb18786","size":24782,"path":"media/images/roc_200_c52ec6cbc1799dc932e7.png"},"gradients":{"_type":"histogram","values":[1,0,0,0,0,0,0,0,0,0,0,0,0,0,0,0,0,1,0,0,0,0,0,1,0,1,1,2,1,0,1,1,9,15,44,113,576,91393,1590,135,42,18,5,2,2,3,1,0,2,0,0,1,0,0,0,0,0,0,0,0,0,0,0,1],"bins":[-0.18692083656787872,-0.1819676011800766,-0.17701438069343567,-0.17206114530563354,-0.16710792481899261,-0.1621546894311905,-0.15720146894454956,-0.15224823355674744,-0.1472949981689453,-0.14234177768230438,-0.13738855719566345,-0.13243532180786133,-0.1274820864200592,-0.12252885848283768,-0.11757563054561615,-0.11262240260839462,-0.1076691746711731,-0.10271594673395157,-0.09776271879673004,-0.09280949085950851,-0.08785626292228699,-0.08290302753448486,-0.07794979959726334,-0.07299657166004181,-0.06804334372282028,-0.06309011578559875,-0.05813688039779663,-0.0531836599111557,-0.04823042452335358,-0.043277204036712646,-0.03832396864891052,-0.03337074816226959,-0.028417512774467468,-0.023464277386665344,-0.018511056900024414,-0.01355782151222229,-0.00860460102558136,-0.003651365637779236,0.0013018548488616943,0.006255090236663818,0.011208310723304749,0.016161546111106873,0.021114781498908997,0.026068001985549927,0.03102123737335205,0.03597445785999298,0.040927693247795105,0.045880913734436035,0.05083414912223816,0.05578738451004028,0.06074060499668121,0.06569384038448334,0.07064707577228546,0.0756002813577652,0.08055351674556732,0.08550675213336945,0.09045998752117157,0.0954132229089737,0.10036642849445343,0.10531966388225555,0.11027289927005768,0.1152261346578598,0.12017934024333954,0.12513257563114166,0.1300858110189438]}}