{"_timestamp":1.7680451728557453e+09,"_step":200,"gradients":{"values":[1,0,0,0,0,1,0,0,2,0,0,0,1,0,0,0,0,1,0,0,0,0,0,2,3,3,0,3,9,19,55,143,499,91657,1399,85,26,20,10,8,1,2,4,2,0,0,0,0,0,1,0,0,0,1,0,0,1,1,0,1,0,0,0,1],"bins":[-0.04901423305273056,-0.04755931347608566,-0.046104393899440765,-0.04464947432279587,-0.04319455474615097,-0.041739631444215775,-0.04028471186757088,-0.03882979229092598,-0.03737487271428108,-0.035919953137636185,-0.03446503356099129,-0.03301011025905609,-0.031555190682411194,-0.030100272968411446,-0.0286453515291214,-0.0271904319524765,-0.025735512375831604,-0.024280592799186707,-0.02282567322254181,-0.021370751783251762,-0.019915832206606865,-0.018460912629961967,-0.01700599119067192,-0.015551071614027023,-0.014096152037382126,-0.012641232460737228,-0.011186312884092331,-0.009731393307447433,-0.008276470005512238,-0.00682155042886734,-0.005366630852222443,-0.003911711275577545,-0.0024567916989326477,-0.0010018721222877502,0.0004530474543571472,0.0019079670310020447,0.003362886607646942,0.004817809909582138,0.0062727294862270355,0.007727649062871933,0.00918256863951683,0.010637488216161728,0.012092407792806625,0.013547331094741821,0.015002250671386719,0.016457170248031616,0.017912089824676514,0.01936700940132141,0.02082192897796631,0.022276848554611206,0.023731768131256104,0.025186687707901,0.0266416072845459,0.028096526861190796,0.029551446437835693,0.03100636601448059,0.032461293041706085,0.03391621261835098,0.03537113219499588,0.03682605177164078,0.038280971348285675,0.03973589092493057,0.04119081050157547,0.04264573007822037,0.044100649654865265],"_type":"histogram"},"Epoch":9,"loss":0.004613089375197887,"roc":{"sha256":"38c2f08123d114ea8064322935085516eab726f910dcf03e38addf67df39f7f3","size":24442,"path":"media/images/roc_200_38c2f08123d114ea8064.png","format":"png","width":640,"height":480,"_type":"image-file"},"_wandb":{"runtime":59},"_runtime":59,"train_accuracy":1}