{"gradients":{"values":[2,0,0,0,0,1,0,0,1,0,0,1,0,0,0,1,1,0,0,0,1,0,1,0,1,1,2,3,0,7,10,7,25,49,99,280,821,4484,86367,1345,273,91,30,16,10,6,7,4,4,3,0,1,1,1,0,0,0,0,1,1,1,0,1,1],"bins":[-0.012610241770744324,-0.012281806208193302,-0.011953371576964855,-0.011624936014413834,-0.011296501383185387,-0.010968065820634365,-0.010639631189405918,-0.010311195626854897,-0.00998276099562645,-0.009654325433075428,-0.009325890801846981,-0.00899745523929596,-0.008669020608067513,-0.008340585045516491,-0.00801214948296547,-0.007683714851737022,-0.007355279754847288,-0.007026844657957554,-0.00669840956106782,-0.006369974464178085,-0.006041539367288351,-0.005713104270398617,-0.0053846691735088825,-0.005056234076619148,-0.004727798514068127,-0.00439936388283968,-0.004070928320288658,-0.003742493689060211,-0.0034140581265091896,-0.0030856234952807426,-0.002757187932729721,-0.002428753301501274,-0.0021003177389502525,-0.001771882176399231,-0.001443447545170784,-0.0011150119826197624,-0.0007865773513913155,-0.0004581417888402939,-0.00012970715761184692,0.00019872840493917465,0.0005271630361676216,0.0008555985987186432,0.0011840332299470901,0.0015124687924981117,0.0018409034237265587,0.0021693389862775803,0.0024977736175060272,0.002826209180057049,0.0031546447426080704,0.0034830793738365173,0.0038115140050649643,0.0041399504989385605,0.0044683851301670074,0.004796819761395454,0.005125254392623901,0.0054536908864974976,0.0057821255177259445,0.0061105601489543915,0.0064389947801828384,0.006767431274056435,0.007095865905284882,0.0074243005365133286,0.0077527351677417755,0.008081171661615372,0.008409606292843819],"_type":"histogram"},"train_accuracy":1,"_timestamp":1.768048592004069e+09,"roc":{"size":24782,"path":"media/images/roc_200_c6dee1583c277af355e3.png","format":"png","width":640,"height":480,"_type":"image-file","sha256":"c6dee1583c277af355e35c1150bbeb59076db5a0e7497d60665f5427a1a0539f"},"_step":200,"_runtime":57,"Epoch":9,"loss":0.0025683569256216288,"_wandb":{"runtime":57}}