{"Epoch":9,"_timestamp":1.7680470439406154e+09,"loss":0.013130513951182365,"_step":200,"roc":{"height":480,"_type":"image-file","sha256":"0d6e2069180eb85b51eedbdb39dc77be8fe35900f681634f89ae1905747a35e5","size":24782,"path":"media/images/roc_200_0d6e2069180eb85b51ee.png","format":"png","width":640},"gradients":{"values":[1,1,0,0,1,0,0,0,0,0,0,1,0,0,0,0,1,2,0,0,0,1,1,0,0,4,0,5,16,11,27,46,111,593,84881,7684,329,107,46,27,29,9,8,9,0,4,0,1,0,2,1,0,0,0,0,0,0,1,0,0,1,0,0,1],"bins":[-0.08964060246944427,-0.08707776665687561,-0.08451492339372635,-0.08195208758115768,-0.07938924431800842,-0.07682640850543976,-0.0742635652422905,-0.07170072942972183,-0.06913788616657257,-0.0665750503540039,-0.06401221454143524,-0.06144937127828598,-0.058886535465717316,-0.05632369592785835,-0.05376085638999939,-0.05119801685214043,-0.048635177314281464,-0.0460723377764225,-0.04350949823856354,-0.040946658700704575,-0.03838381916284561,-0.03582098335027695,-0.033258143812417984,-0.03069530427455902,-0.028132464736700058,-0.025569625198841095,-0.02300678938627243,-0.02044394612312317,-0.017881110310554504,-0.015318267047405243,-0.012755431234836578,-0.010192587971687317,-0.007629752159118652,-0.005066916346549988,-0.0025040730834007263,5.876272916793823e-05,0.0026216059923171997,0.005184441804885864,0.007747285068035126,0.01031012088060379,0.012872964143753052,0.015435799956321716,0.01799863576889038,0.020561479032039642,0.023124314844608307,0.02568715810775757,0.028249993920326233,0.030812837183475494,0.03337567299604416,0.03593851625919342,0.038501352071762085,0.04106418788433075,0.043627023696899414,0.04618987441062927,0.04875271022319794,0.0513155460357666,0.053878381848335266,0.05644121766090393,0.05900406837463379,0.061566904187202454,0.06412973999977112,0.06669257581233978,0.06925542652606964,0.0718182623386383,0.07438109070062637],"_type":"histogram"},"_runtime":62,"train_accuracy":1,"_wandb":{"runtime":62}}