{"_step":200,"Epoch":9,"loss":0.05985238403081894,"_timestamp":1.7680414135859017e+09,"_runtime":73,"train_accuracy":0.96875,"gradients":{"bins":[-0.35639408230781555,-0.34553802013397217,-0.3346819281578064,-0.323825865983963,-0.31296980381011963,-0.30211374163627625,-0.2912576496601105,-0.2804015874862671,-0.2695455253124237,-0.2586894631385803,-0.24783337116241455,-0.23697730898857117,-0.2261212319135666,-0.2152651697397232,-0.20440909266471863,-0.19355303049087524,-0.18269695341587067,-0.1718408763408661,-0.1609848141670227,-0.15012873709201813,-0.13927267491817474,-0.12841659784317017,-0.11756053566932678,-0.1067044585943222,-0.09584838151931763,-0.08499231934547424,-0.07413625717163086,-0.06328016519546509,-0.052424103021621704,-0.04156804084777832,-0.030711978673934937,-0.019855886697769165,-0.008999824523925781,0.0018562376499176025,0.012712329626083374,0.023568391799926758,0.03442445397377014,0.045280516147613525,0.0561366081237793,0.06699267029762268,0.07784873247146606,0.08870482444763184,0.09956088662147522,0.1104169487953186,0.12127301096916199,0.13212910294532776,0.14298516511917114,0.15384122729301453,0.1646973192691803,0.1755533516407013,0.18640944361686707,0.19726553559303284,0.20812156796455383,0.2189776599407196,0.22983375191688538,0.24068978428840637,0.25154587626457214,0.2624019682407379,0.2732580006122589,0.2841140925884247,0.2949701249599457,0.30582621693611145,0.3166823089122772,0.3275383412837982,0.338394433259964],"_type":"histogram","values":[1,0,0,0,0,0,0,0,1,0,0,1,0,1,0,1,1,1,0,0,0,2,0,3,8,10,16,15,17,40,82,386,90818,2202,247,72,21,4,2,1,1,0,0,1,0,0,0,1,1,1,0,1,0,1,0,0,1,0,0,0,0,0,0,1]},"_wandb":{"runtime":73},"roc":{"_type":"image-file","sha256":"02635e7afb08f002e2f23d9856eca124f416608fd00822417bd85a7dcc389ef8","size":24841,"path":"media/images/roc_200_02635e7afb08f002e2f2.png","format":"png","width":640,"height":480}}