{"loss":0.006971036083996296,"gradients":{"bins":[-0.019508717581629753,-0.018903015181422234,-0.018297314643859863,-0.017691612243652344,-0.017085911706089973,-0.016480209305882454,-0.015874508768320084,-0.015268806368112564,-0.014663103967905045,-0.014057403430342674,-0.013451701030135155,-0.01284599956125021,-0.012240298092365265,-0.01163459662348032,-0.0110288942232728,-0.010423192754387856,-0.00981749128550291,-0.009211789816617966,-0.00860608834773302,-0.008000385947525501,-0.007394684478640556,-0.006788983009755611,-0.0061832815408706665,-0.005577580071985722,-0.004971878603100777,-0.004366176202893257,-0.003760475665330887,-0.0031547732651233673,-0.0025490708649158478,-0.0019433703273534775,-0.001337667927145958,-0.0007319673895835876,-0.00012626498937606812,0.0004794374108314514,0.0010851379483938217,0.0016908403486013412,0.0022965408861637115,0.002902243286371231,0.0035079456865787506,0.004113646224141121,0.0047193486243486404,0.005325049161911011,0.00593075156211853,0.00653645396232605,0.00714215449988842,0.00774785690009594,0.00835355743765831,0.00895925983786583,0.0095649603754282,0.01017066277563572,0.010776365175843239,0.011382065713405609,0.01198776625096798,0.012593468651175499,0.013199171051383018,0.013804873451590538,0.014410575851798058,0.015016274526715279,0.015621976926922798,0.016227679327130318,0.016833381727337837,0.017439084127545357,0.018044782802462578,0.018650485202670097,0.019256187602877617],"_type":"histogram","values":[1,1,0,0,1,1,2,0,0,0,0,1,1,0,1,3,2,0,5,3,7,6,6,4,16,25,59,79,174,417,1114,6905,83512,1166,290,82,23,15,9,9,2,2,1,3,1,1,0,1,2,1,1,1,0,1,0,0,3,1,0,0,0,0,0,1]},"_wandb":{"runtime":51},"_timestamp":1.7680466510426643e+09,"train_accuracy":1,"_runtime":51,"_step":200,"Epoch":9,"roc":{"size":24704,"path":"media/images/roc_200_40e1366afbf547aa654f.png","format":"png","width":640,"height":480,"_type":"image-file","sha256":"40e1366afbf547aa654f9ac9fcc9e99de1e5ba0c126db8ebbff8b7c26b2cdc79"}}