{"Epoch":9,"_wandb":{"runtime":57},"loss":0.05407337099313736,"_step":200,"roc":{"_type":"image-file","sha256":"336aca3965e9efeb6301b9bc7666b8807d128e65c322c85d56ceec20e2477be0","size":24886,"path":"media/images/roc_200_336aca3965e9efeb6301.png","format":"png","width":640,"height":480},"_timestamp":1.7680430300616734e+09,"gradients":{"bins":[-0.39917120337486267,-0.3867934048175812,-0.3744156062602997,-0.3620378375053406,-0.3496600389480591,-0.3372822403907776,-0.3249044418334961,-0.3125266432762146,-0.3001488447189331,-0.287771075963974,-0.2753932774066925,-0.263015478849411,-0.2506376802921295,-0.23825989663600922,-0.22588209807872772,-0.21350431442260742,-0.20112651586532593,-0.18874871730804443,-0.17637093365192413,-0.16399313509464264,-0.15161535143852234,-0.13923755288124084,-0.12685975432395935,-0.11448195576667786,-0.10210415720939636,-0.08972638845443726,-0.07734858989715576,-0.06497079133987427,-0.05259299278259277,-0.04021519422531128,-0.027837425470352173,-0.015459626913070679,-0.0030818283557891846,0.00929597020149231,0.021673768758773804,0.03405153751373291,0.046429336071014404,0.0588071346282959,0.07118493318557739,0.08356273174285889,0.095940500497818,0.10831829905509949,0.12069609761238098,0.13307389616966248,0.14545169472694397,0.15782949328422546,0.17020729184150696,0.18258509039878845,0.19496288895606995,0.20734062790870667,0.21971842646598816,0.23209622502326965,0.24447402358055115,0.25685182213783264,0.26922962069511414,0.28160741925239563,0.2939852178096771,0.3063630163669586,0.3187408149242401,0.33111855387687683,0.3434963524341583,0.3558741509914398,0.3682519495487213,0.3806297481060028,0.3930075764656067],"_type":"histogram","values":[1,0,0,0,0,0,0,0,1,1,0,0,0,0,1,0,0,0,0,0,0,0,1,2,2,4,6,11,24,74,256,2320,90603,500,94,28,14,4,5,1,2,3,0,0,0,0,0,0,0,1,0,0,0,0,1,1,0,0,0,0,0,0,0,1]},"_runtime":57,"train_accuracy":1}