{"_runtime":57,"_step":200,"Epoch":9,"loss":0.056364089250564575,"_timestamp":1.7680453752107959e+09,"roc":{"_type":"image-file","sha256":"4f4209a6d2e8332c6887368e8a59cda3897004ec175454d58c0a6670c88b8231","size":24768,"path":"media/images/roc_200_4f4209a6d2e8332c6887.png","format":"png","width":640,"height":480},"_wandb":{"runtime":57},"train_accuracy":0.96875,"gradients":{"values":[1,0,0,0,0,0,3,0,1,1,0,0,0,1,0,0,1,1,1,0,1,1,1,1,2,0,6,13,59,109,411,2311,89643,849,255,123,72,54,14,6,2,3,3,3,0,1,1,0,1,0,1,0,0,1,0,1,0,3,0,0,0,0,0,1],"bins":[-0.4301513433456421,-0.4168338179588318,-0.4035162925720215,-0.3901987671852112,-0.3768812119960785,-0.3635636866092682,-0.3502461612224579,-0.3369286358356476,-0.3236110806465149,-0.3102935552597046,-0.2969760298728943,-0.283658504486084,-0.2703409790992737,-0.2570234537124634,-0.24370591342449188,-0.23038837313652039,-0.21707084774971008,-0.20375332236289978,-0.19043578207492828,-0.1771182417869568,-0.16380071640014648,-0.15048319101333618,-0.13716566562652588,-0.12384814023971558,-0.11053061485290527,-0.09721305966377258,-0.08389553427696228,-0.07057800889015198,-0.057260483503341675,-0.04394295811653137,-0.03062540292739868,-0.01730787754058838,-0.003990352153778076,0.009327173233032227,0.02264469861984253,0.03596225380897522,0.04927977919578552,0.06259730458259583,0.07591485977172852,0.08923238515853882,0.10254991054534912,0.11586743593215942,0.12918496131896973,0.14250248670578003,0.15582001209259033,0.16913753747940063,0.18245506286621094,0.19577258825302124,0.20909011363983154,0.22240769863128662,0.23572522401809692,0.24904274940490723,0.26236027479171753,0.27567780017852783,0.28899532556533813,0.30231285095214844,0.31563037633895874,0.32894790172576904,0.34226542711257935,0.3555830121040344,0.3689005374908447,0.38221806287765503,0.39553558826446533,0.40885311365127563,0.42217063903808594],"_type":"histogram"}}