{"_wandb":{"runtime":67},"loss":0.0036055119708180428,"_timestamp":1.7680395399760609e+09,"gradients":{"values":[1,0,0,0,0,1,1,0,0,0,1,1,1,0,0,2,1,1,0,3,3,3,7,7,13,12,10,24,35,42,104,215,466,1457,81384,8556,1038,313,121,61,17,17,6,7,9,3,2,6,0,3,1,1,0,0,2,0,2,0,1,0,0,0,0,1],"bins":[-0.015947993844747543,-0.015492002479732037,-0.01503601111471653,-0.014580019749701023,-0.014124028384685516,-0.01366803701967001,-0.013212045654654503,-0.012756054289638996,-0.01230006292462349,-0.011844071559607983,-0.011388080194592476,-0.01093208882957697,-0.010476097464561462,-0.010020106099545956,-0.009564114734530449,-0.009108123369514942,-0.008652132004499435,-0.008196140639483929,-0.007740149274468422,-0.007284157909452915,-0.0068281665444374084,-0.006372175179421902,-0.005916183814406395,-0.005460192449390888,-0.0050042010843753815,-0.004548209719359875,-0.004092218354344368,-0.0036362269893288612,-0.0031802356243133545,-0.0027242442592978477,-0.002268252894282341,-0.0018122615292668343,-0.0013562701642513275,-0.0009002787992358208,-0.000444287434220314,1.1704862117767334e-05,0.00046769529581069946,0.0009236857295036316,0.001379678025841713,0.0018356703221797943,0.0022916607558727264,0.0027476511895656586,0.00320364348590374,0.0036596357822418213,0.004115626215934753,0.0045716166496276855,0.005027608945965767,0.005483601242303848,0.00593959167599678,0.0063955821096897125,0.006851574406027794,0.007307566702365875,0.007763557136058807,0.00821954756975174,0.00867553986608982,0.009131532162427902,0.009587522596120834,0.010043513029813766,0.010499505326151848,0.01095549762248993,0.011411488056182861,0.011867478489875793,0.012323470786213875,0.012779463082551956,0.013235454447567463],"_type":"histogram"},"train_accuracy":1,"_step":200,"roc":{"height":480,"_type":"image-file","sha256":"2b01885081ae9e5d22cbe326f12820ddb40737e3bf5488d797fad7574f1cb265","size":24875,"path":"media/images/roc_200_2b01885081ae9e5d22cb.png","format":"png","width":640},"_runtime":67,"Epoch":9}