{"_runtime":58,"_step":200,"_wandb":{"runtime":58},"train_accuracy":1,"gradients":{"_type":"histogram","values":[1,0,0,0,0,0,1,0,0,1,0,0,1,0,0,0,0,0,0,1,0,0,0,4,1,3,8,9,16,32,77,176,408,2054,89897,1016,151,44,25,10,6,4,4,0,3,2,2,1,0,0,0,0,0,1,0,1,0,1,0,0,0,0,0,1],"bins":[-0.0285214614123106,-0.02769421599805355,-0.026866968721151352,-0.026039723306894302,-0.025212477892637253,-0.024385230615735054,-0.023557985201478004,-0.022730737924575806,-0.021903492510318756,-0.021076247096061707,-0.020248999819159508,-0.019421754404902458,-0.01859450712800026,-0.01776726171374321,-0.01694001629948616,-0.01611277088522911,-0.015285523608326912,-0.014458277262747288,-0.013631030917167664,-0.012803785502910614,-0.011976538226008415,-0.011149292811751366,-0.010322047397494316,-0.009494800120592117,-0.008667554706335068,-0.007840309292078018,-0.007013062015175819,-0.00618581660091877,-0.00535857118666172,-0.0045313239097595215,-0.003704078495502472,-0.002876831218600273,-0.0020495858043432236,-0.001222340390086174,-0.0003950931131839752,0.00043215230107307434,0.0012593995779752731,0.0020866449922323227,0.0029138904064893723,0.003741135820746422,0.00456838496029377,0.005395630374550819,0.006222875788807869,0.0070501212030649185,0.007877366617321968,0.008704612031579018,0.009531861171126366,0.010359106585383415,0.011186351999640465,0.012013597413897514,0.012840842828154564,0.013668091967701912,0.014495337381958961,0.015322582796216011,0.01614982821047306,0.01697707362473011,0.01780431903898716,0.018631568178534508,0.019458813592791557,0.020286059007048607,0.021113304421305656,0.021940549835562706,0.022767798975110054,0.023595044389367104,0.024422291666269302]},"roc":{"height":480,"_type":"image-file","sha256":"0f014a46c82a4fcb996e107871bd88418fe5611a9e7d48b7c1ad3b37d0710591","size":24754,"path":"media/images/roc_200_0f014a46c82a4fcb996e.png","format":"png","width":640},"loss":0.0035746891517192125,"_timestamp":1.7680440428302715e+09,"Epoch":9}