{"train_accuracy":1,"gradients":{"_type":"histogram","values":[1,0,0,0,1,0,1,0,0,2,2,0,3,0,3,0,0,2,3,1,3,5,6,7,19,31,38,88,129,307,836,3674,86551,1675,364,115,44,12,10,5,2,4,0,1,1,1,1,1,0,1,2,1,2,2,3,0,0,0,0,1,0,0,0,1],"bins":[-0.0469663180410862,-0.04551418125629425,-0.044062040746212006,-0.04260990396142006,-0.041157763451337814,-0.03970562666654587,-0.03825348615646362,-0.03680134937167168,-0.03534920886158943,-0.033897072076797485,-0.03244493156671524,-0.030992794781923294,-0.0295406561344862,-0.028088517487049103,-0.026636378839612007,-0.02518424019217491,-0.023732101544737816,-0.02227996289730072,-0.020827824249863625,-0.01937568560242653,-0.017923546954989433,-0.016471408307552338,-0.015019271522760391,-0.013567131012678146,-0.0121149942278862,-0.010662853717803955,-0.009210716933012009,-0.007758576422929764,-0.006306439638137817,-0.0048542991280555725,-0.003402162343263626,-0.0019500218331813812,-0.0004978850483894348,0.0009542517364025116,0.0024063922464847565,0.003858529031276703,0.005310669541358948,0.006762806326150894,0.008214946836233139,0.009667083621025085,0.01111922413110733,0.012571360915899277,0.014023501425981522,0.015475638210773468,0.016927774995565414,0.01837991550564766,0.019832056015729904,0.02128419652581215,0.022736329585313797,0.024188470095396042,0.025640610605478287,0.027092743664979935,0.02854488417506218,0.029997024685144424,0.03144916519522667,0.03290129825472832,0.03435343876481056,0.03580557927489281,0.03725771978497505,0.0387098528444767,0.040161993354558945,0.04161413386464119,0.043066274374723434,0.04451840743422508,0.04597054794430733]},"_wandb":{"runtime":60},"_runtime":60,"roc":{"width":640,"height":480,"_type":"image-file","sha256":"807594faaf6e4d4dad3197050f693da71cd773a198cd070f86000131312086f6","size":24733,"path":"media/images/roc_200_807594faaf6e4d4dad31.png","format":"png"},"_timestamp":1.768045880177437e+09,"_step":200,"Epoch":9,"loss":0.013246606104075909}