{"Epoch":9,"gradients":{"_type":"histogram","values":[1,0,0,1,0,1,0,0,0,0,0,0,0,0,3,1,1,1,1,1,2,2,6,7,7,17,19,25,51,149,444,6874,85385,578,188,73,46,28,17,10,9,3,2,1,0,1,0,3,1,0,0,0,0,0,0,0,0,0,1,0,1,0,0,1],"bins":[-0.09098471701145172,-0.08814365416765213,-0.08530259132385254,-0.08246152848005295,-0.07962046563625336,-0.07677939534187317,-0.07393833249807358,-0.07109726965427399,-0.0682562068104744,-0.0654151439666748,-0.06257408112287521,-0.059733014553785324,-0.05689195170998573,-0.05405088886618614,-0.05120982229709625,-0.04836875945329666,-0.04552769660949707,-0.04268663376569748,-0.03984557092189789,-0.037004504352808,-0.03416344150900841,-0.031322378665208817,-0.028481312096118927,-0.025640249252319336,-0.022799186408519745,-0.019958123564720154,-0.017117060720920563,-0.014275997877120972,-0.011434927582740784,-0.008593864738941193,-0.0057528018951416016,-0.0029117390513420105,-7.067620754241943e-05,0.0027703866362571716,0.005611449480056763,0.008452512323856354,0.011293575167655945,0.014134645462036133,0.016975708305835724,0.019816771149635315,0.022657833993434906,0.025498896837234497,0.028339959681034088,0.03118102252483368,0.03402209281921387,0.03686314821243286,0.03970421850681305,0.04254527390003204,0.04538634419441223,0.04822741448879242,0.051068469882011414,0.0539095401763916,0.056750595569610596,0.059591665863990784,0.06243272125720978,0.06527379155158997,0.06811486184597015,0.07095591723918915,0.07379698753356934,0.07663804292678833,0.07947911322116852,0.08232016861438751,0.0851612389087677,0.0880022943019867,0.09084337204694748]},"_wandb":{"runtime":53},"_step":200,"loss":0.009507285431027412,"train_accuracy":1,"_timestamp":1.7678796634112215e+09,"roc":{"path":"media/images/roc_200_8b3920b41efc358da559.png","format":"png","width":640,"height":480,"_type":"image-file","sha256":"8b3920b41efc358da5595beea6fd11972349fd04ddfcac7f0e0a53bb9e6ad978","size":25107},"_runtime":53}