{"_runtime":61,"train_accuracy":1,"_timestamp":1.7680405591103296e+09,"Epoch":9,"loss":0.025033175945281982,"gradients":{"_type":"histogram","values":[1,0,0,0,1,0,1,0,1,1,0,0,1,0,1,0,1,0,1,1,1,1,2,4,9,10,13,44,98,237,1063,88705,3135,391,83,60,29,26,14,4,8,4,1,1,0,0,1,1,0,1,1,0,1,1,0,1,0,1,0,0,0,0,0,1],"bins":[-0.127656027674675,-0.12364424765110016,-0.11963246762752533,-0.1156206876039505,-0.11160890758037567,-0.10759712755680084,-0.10358534008264542,-0.09957356005907059,-0.09556178003549576,-0.09155000001192093,-0.0875382199883461,-0.08352643251419067,-0.07951465249061584,-0.07550287246704102,-0.07149109244346619,-0.06747931241989136,-0.06346753239631653,-0.0594557523727417,-0.05544397234916687,-0.05143219232559204,-0.04742041230201721,-0.043408624827861786,-0.03939684480428696,-0.03538506478071213,-0.0313732847571373,-0.02736150473356247,-0.02334972470998764,-0.01933794468641281,-0.015326157212257385,-0.011314377188682556,-0.007302597165107727,-0.003290817141532898,0.0007209628820419312,0.00473274290561676,0.00874452292919159,0.012756302952766418,0.016768082976341248,0.020779862999916077,0.024791643023490906,0.028803423047065735,0.032815203070640564,0.03682699799537659,0.040838778018951416,0.044850558042526245,0.048862338066101074,0.0528741180896759,0.05688589811325073,0.06089767813682556,0.06490945816040039,0.06892123818397522,0.07293301820755005,0.07694479823112488,0.08095657825469971,0.08496835827827454,0.08898013830184937,0.0929919183254242,0.09700371325016022,0.10101549327373505,0.10502727329730988,0.1090390533208847,0.11305083334445953,0.11706261336803436,0.12107439339160919,0.12508617341518402,0.12909795343875885]},"roc":{"_type":"image-file","sha256":"75ac9e5c70a9953525db54ce84ac67f7aac2e23b215c58326dc616671ee5b40b","size":24735,"path":"media/images/roc_200_75ac9e5c70a9953525db.png","format":"png","width":640,"height":480},"_wandb":{"runtime":61},"_step":200}