{"roc":{"path":"media/images/roc_200_8b3ee58267765950e26c.png","format":"png","width":640,"height":480,"_type":"image-file","sha256":"8b3ee58267765950e26cc70e52b4db29ad10f633388edc2014af787e41561bc5","size":24606},"Epoch":9,"train_accuracy":1,"loss":0.019179509952664375,"_runtime":76,"gradients":{"values":[1,0,0,0,0,0,0,1,0,2,1,0,0,1,0,1,0,0,1,1,2,0,2,2,1,5,16,39,64,143,554,7374,84927,561,142,60,20,17,6,6,0,1,0,1,1,1,1,0,1,0,0,0,0,3,1,0,1,0,0,0,0,0,0,1],"bins":[-0.11397597193717957,-0.1104237511754036,-0.10687152296304703,-0.10331930220127106,-0.09976707398891449,-0.09621485322713852,-0.09266263246536255,-0.08911040425300598,-0.08555818349123001,-0.08200596272945404,-0.07845373451709747,-0.0749015137553215,-0.07134929299354553,-0.06779706478118896,-0.064244844019413,-0.060692619532346725,-0.05714039504528046,-0.05358817055821419,-0.05003594607114792,-0.04648372530937195,-0.04293149709701538,-0.03937927633523941,-0.03582705557346344,-0.03227482736110687,-0.028722606599330902,-0.02517038583755493,-0.021618157625198364,-0.018065936863422394,-0.014513716101646423,-0.010961487889289856,-0.0074092671275138855,-0.003857038915157318,-0.00030481815338134766,0.003247402608394623,0.00679963082075119,0.01035185158252716,0.013904079794883728,0.0174562931060791,0.02100852131843567,0.024560749530792236,0.028112977743148804,0.03166519105434418,0.035217419266700745,0.03876964747905731,0.042321860790252686,0.04587408900260925,0.04942631721496582,0.052978530526161194,0.05653075873851776,0.06008298695087433,0.0636352002620697,0.06718742847442627,0.07073965668678284,0.07429186999797821,0.07784409821033478,0.08139632642269135,0.08494853973388672,0.08850076794624329,0.09205299615859985,0.09560522437095642,0.0991574376821518,0.10270966589450836,0.10626189410686493,0.1098141074180603,0.11336633563041687],"_type":"histogram"},"_timestamp":1.7680392296494365e+09,"_step":200,"_wandb":{"runtime":76}}