{"train_accuracy":1,"roc":{"_type":"image-file","sha256":"a625526674f9a9b68b244bff42fe0336e05b48e0f8d2b3dec04990cfd2a8e20f","size":24560,"path":"media/images/roc_200_a625526674f9a9b68b24.png","format":"png","width":640,"height":480},"_step":200,"gradients":{"_type":"histogram","values":[1,0,0,0,0,0,0,0,0,0,0,0,0,0,0,0,0,0,0,1,0,0,0,0,0,0,0,0,0,0,0,0,2,0,3,2,2,8,5,11,20,33,74,181,547,91847,996,115,39,24,23,11,6,3,2,4,0,1,0,0,0,0,0,1],"bins":[-0.06012273579835892,-0.05880533158779144,-0.05748792737722397,-0.056170523166656494,-0.05485311895608902,-0.053535714745521545,-0.05221831053495407,-0.050900910049676895,-0.04958350583910942,-0.048266101628541946,-0.04694869741797447,-0.045631293207407,-0.04431388899683952,-0.04299648478627205,-0.04167908430099487,-0.0403616800904274,-0.039044275879859924,-0.03772687166929245,-0.036409467458724976,-0.0350920632481575,-0.03377465903759003,-0.03245725482702255,-0.031139850616455078,-0.029822446405887604,-0.02850504219532013,-0.027187637984752655,-0.02587023377418518,-0.024552833288908005,-0.02323542907834053,-0.021918024867773056,-0.02060062065720558,-0.019283216446638107,-0.017965812236070633,-0.01664840802550316,-0.015331003814935684,-0.01401359960436821,-0.012696195393800735,-0.011378791183233261,-0.010061390697956085,-0.00874398648738861,-0.0074265822768211365,-0.006109178066253662,-0.004791773855686188,-0.0034743696451187134,-0.002156965434551239,-0.0008395612239837646,0.0004778429865837097,0.001795247197151184,0.0031126514077186584,0.004430055618286133,0.005747459828853607,0.0070648640394210815,0.008382268249988556,0.00969967246055603,0.011017069220542908,0.012334473431110382,0.013651877641677856,0.01496928185224533,0.016286686062812805,0.01760409027338028,0.018921494483947754,0.02023889869451523,0.021556302905082703,0.022873707115650177,0.0241911131888628]},"_timestamp":1.7680483849698098e+09,"_wandb":{"runtime":54},"_runtime":54,"Epoch":9,"loss":0.007850787602365017}