{"train_accuracy":1,"loss":0.03684883564710617,"_timestamp":1.7680428779418974e+09,"roc":{"sha256":"ad95f6249980d288d0ac8506bbe2de3382312208ea8aaca32bac7951c42ab68b","size":24716,"path":"media/images/roc_200_ad95f6249980d288d0ac.png","format":"png","width":640,"height":480,"_type":"image-file"},"_wandb":{"runtime":67},"Epoch":9,"gradients":{"bins":[-0.2000933140516281,-0.1934782862663269,-0.1868632584810257,-0.1802482306957245,-0.17363320291042328,-0.16701817512512207,-0.16040313243865967,-0.15378811955451965,-0.14717307686805725,-0.14055806398391724,-0.13394302129745483,-0.12732800841331482,-0.12071296572685242,-0.11409793794155121,-0.10748291015625,-0.10086788237094879,-0.09425285458564758,-0.08763782680034637,-0.08102279901504517,-0.07440777122974396,-0.06779274344444275,-0.06117771565914154,-0.05456268787384033,-0.047947660088539124,-0.04133261740207672,-0.03471758961677551,-0.028102561831474304,-0.021487534046173096,-0.014872506260871887,-0.008257478475570679,-0.0016424506902694702,0.004972577095031738,0.011587604880332947,0.018202632665634155,0.024817660450935364,0.03143268823623657,0.03804771602153778,0.04466274380683899,0.0512777715921402,0.0578928142786026,0.06450782716274261,0.07112286984920502,0.07773788273334503,0.08435292541980743,0.09096793830394745,0.09758298099040985,0.10419799387454987,0.11081303656101227,0.11742807924747467,0.12404309213161469,0.1306581348180771,0.1372731477022171,0.1438881903886795,0.15050320327281952,0.15711824595928192,0.16373325884342194,0.17034830152988434,0.17696331441402435,0.18357835710048676,0.19019336998462677,0.19680841267108917,0.2034234255552292,0.2100384682416916,0.2166534811258316,0.2232685387134552],"_type":"histogram","values":[2,0,0,0,0,0,1,0,1,0,1,0,1,1,1,2,3,3,3,6,5,13,12,33,37,90,130,279,739,3719,87106,1294,324,80,32,13,6,5,2,2,4,0,2,1,2,1,0,1,0,1,0,1,0,0,1,0,0,0,0,0,1,0,0,1]},"_step":200,"_runtime":67}