{"_step":200,"Epoch":9,"loss":0.0010509943822398782,"train_accuracy":1,"gradients":{"_type":"histogram","values":[1,0,0,0,0,0,1,1,1,0,1,0,1,2,1,2,1,3,1,5,3,5,3,3,11,6,30,46,76,159,612,3225,87539,1593,335,112,64,37,12,18,7,10,9,5,3,2,3,3,2,2,1,1,0,0,1,0,1,0,0,1,0,0,0,1],"bins":[-0.004405312240123749,-0.004269531462341547,-0.004133750684559345,-0.0039979699067771435,-0.003862188896164298,-0.0037264081183820963,-0.003590627107769251,-0.003454846329987049,-0.0033190655522048473,-0.0031832847744226456,-0.003047503996640444,-0.0029117229860275984,-0.0027759422082453966,-0.002640161430463195,-0.0025043804198503494,-0.0023685996420681477,-0.002232818864285946,-0.002097038086503744,-0.0019612573087215424,-0.001825476298108697,-0.0016896955203264952,-0.0015539147425442934,-0.001418133731931448,-0.0012823529541492462,-0.0011465721763670444,-0.0010107913985848427,-0.0008750106208026409,-0.0007392296101897955,-0.0006034488324075937,-0.0004676678217947483,-0.00033188704401254654,-0.00019610626623034477,-6.0325488448143005e-05,7.545528933405876e-05,0.00021123606711626053,0.0003470168448984623,0.00048279762268066406,0.0006185788661241531,0.0007543596439063549,0.0008901404216885567,0.0010259211994707584,0.0011617019772529602,0.001297482755035162,0.0014332635328173637,0.0015690447762608528,0.0017048255540430546,0.0018406063318252563,0.001976387109607458,0.00211216788738966,0.0022479486651718616,0.0023837294429540634,0.002519510220736265,0.002655290998518467,0.002791072241961956,0.002926853019744158,0.0030626337975263596,0.0031984145753085613,0.003334195353090763,0.003469976596534252,0.0036057569086551666,0.0037415381520986557,0.00387731846421957,0.004013099707663059,0.004148880019783974,0.004284661263227463]},"_wandb":{"runtime":53},"_runtime":53,"_timestamp":1.7680469092215533e+09,"roc":{"height":480,"_type":"image-file","sha256":"ba1cb432bdd6f7af62e79931f045010d03e4906f92d566814ed67355554bbc65","size":24761,"path":"media/images/roc_200_ba1cb432bdd6f7af62e7.png","format":"png","width":640}}