{"loss":0.04531460627913475,"train_accuracy":1,"gradients":{"values":[1,1,0,1,1,0,0,0,1,2,1,0,0,0,2,0,0,2,2,2,1,5,6,11,23,16,48,84,149,417,1301,84707,5734,962,270,84,51,24,13,9,5,3,7,2,1,2,1,0,0,0,1,2,0,2,0,2,0,0,0,0,0,2,0,1],"bins":[-0.18646612763404846,-0.1806151568889618,-0.17476417124271393,-0.16891320049762726,-0.1630622148513794,-0.15721124410629272,-0.15136027336120605,-0.1455092877149582,-0.13965830206871033,-0.13380733132362366,-0.127956360578537,-0.12210537493228912,-0.11625440418720245,-0.11040342599153519,-0.10455244779586792,-0.09870146960020065,-0.09285049140453339,-0.08699951320886612,-0.08114853501319885,-0.07529755681753159,-0.06944657862186432,-0.06359560787677765,-0.057744622230529785,-0.051893651485443115,-0.046042680740356445,-0.04019169509410858,-0.03434072434902191,-0.028489738702774048,-0.022638767957687378,-0.016787782311439514,-0.010936811566352844,-0.0050858259201049805,0.0007651448249816895,0.006616115570068359,0.012467101216316223,0.018318071961402893,0.024169057607650757,0.030020028352737427,0.03587101399898529,0.04172198474407196,0.047572970390319824,0.053423941135406494,0.059274911880493164,0.06512588262557983,0.07097688317298889,0.07682785391807556,0.08267882466316223,0.0885297954082489,0.09438076615333557,0.10023176670074463,0.1060827374458313,0.11193370819091797,0.11778467893600464,0.1236356794834137,0.12948665022850037,0.13533762097358704,0.1411885917186737,0.14703956246376038,0.15289056301116943,0.1587415337562561,0.16459250450134277,0.17044347524642944,0.1762944757938385,0.18214544653892517,0.18799641728401184],"_type":"histogram"},"roc":{"path":"media/images/roc_200_fd8c3c73b1ebf3a42ce0.png","format":"png","width":640,"height":480,"_type":"image-file","sha256":"fd8c3c73b1ebf3a42ce0d219b1c482c2e82e69acd19fcfe0e24dd16f45bb7f55","size":24375},"_step":200,"Epoch":9,"_runtime":79,"_wandb":{"runtime":79},"_timestamp":1.768039734377538e+09}