{"gradients":{"_type":"histogram","values":[1,0,0,0,0,0,0,1,0,0,0,2,0,0,0,1,0,0,1,0,0,0,0,0,0,0,0,2,1,1,2,3,7,18,60,202,861,91853,842,71,15,3,2,1,3,2,0,1,0,0,1,0,1,0,0,2,0,0,1,0,0,0,0,1],"bins":[-0.06268144398927689,-0.06101132184267044,-0.059341199696063995,-0.05767107754945755,-0.0560009591281414,-0.05433083698153496,-0.05266071483492851,-0.05099059268832207,-0.04932047054171562,-0.047650352120399475,-0.04598022997379303,-0.044310107827186584,-0.04263998568058014,-0.040969863533973694,-0.03929974138736725,-0.0376296192407608,-0.03595949709415436,-0.03428937494754791,-0.032619256526231766,-0.03094913437962532,-0.029279012233018875,-0.02760889008641243,-0.025938767939805984,-0.024268649518489838,-0.022598527371883392,-0.020928405225276947,-0.0192582830786705,-0.017588160932064056,-0.01591803878545761,-0.014247920364141464,-0.012577798217535019,-0.010907676070928574,-0.009237553924322128,-0.007567431777715683,-0.005897309631109238,-0.004227187484502792,-0.0025570690631866455,-0.0008869469165802002,0.0007831752300262451,0.0024532973766326904,0.004123419523239136,0.005793541669845581,0.007463663816452026,0.009133785963058472,0.010803908109664917,0.012474022805690765,0.01414414495229721,0.015814267098903656,0.0174843892455101,0.019154511392116547,0.020824633538722992,0.022494755685329437,0.024164877831935883,0.025834999978542328,0.027505122125148773,0.02917524427175522,0.030845366418361664,0.03251548856496811,0.03418560326099396,0.0358557254076004,0.03752584755420685,0.03919596970081329,0.04086609184741974,0.042536213994026184,0.04420633614063263]},"_runtime":67,"Epoch":9,"_step":200,"_wandb":{"runtime":67},"train_accuracy":1,"_timestamp":1.768042085081668e+09,"loss":0.005808411166071892,"roc":{"height":480,"_type":"image-file","sha256":"5ed514b8933d9e84c06b6728b42e135e006abad837c7e2780dea17fc9b1f7d54","size":24528,"path":"media/images/roc_200_5ed514b8933d9e84c06b.png","format":"png","width":640}}