{"_wandb":{"runtime":44},"_timestamp":1.768047099398031e+09,"Epoch":9,"roc":{"format":"png","width":640,"height":480,"_type":"image-file","sha256":"22f8bdd9d5d9542cdff45a774a57764f2dcddb9ba510ddf77382883ec5f76c99","size":24214,"path":"media/images/roc_200_22f8bdd9d5d9542cdff4.png"},"_runtime":44,"train_accuracy":0.9375,"gradients":{"values":[1,0,0,0,0,1,0,0,0,0,1,1,1,0,0,1,1,1,1,3,2,2,5,6,14,8,22,35,63,171,673,81276,10610,684,173,91,39,31,8,12,5,4,3,3,1,1,2,0,1,0,0,1,1,1,0,0,0,0,1,0,0,0,0,1],"bins":[-0.3882371783256531,-0.3761036992073059,-0.36397024989128113,-0.35183677077293396,-0.3397033214569092,-0.327569842338562,-0.31543636322021484,-0.30330291390419006,-0.2911694645881653,-0.2790359854698181,-0.26690250635147095,-0.25476905703544617,-0.242635577917099,-0.23050211369991302,-0.21836864948272705,-0.20623518526554108,-0.1941017210483551,-0.18196825683116913,-0.16983479261398315,-0.15770132839679718,-0.1455678641796112,-0.13343438506126404,-0.12130093574523926,-0.10916745662689209,-0.09703397750854492,-0.08490052819252014,-0.07276704907417297,-0.06063359975814819,-0.048500120639801025,-0.036366671323776245,-0.024233192205429077,-0.012099742889404297,3.3736228942871094e-05,0.012167215347290039,0.02430066466331482,0.03643414378166199,0.04856759309768677,0.060701072216033936,0.07283452153205872,0.08496800065040588,0.09710144996643066,0.10923492908477783,0.121368408203125,0.13350188732147217,0.14563530683517456,0.15776878595352173,0.1699022650718689,0.18203574419021606,0.19416922330856323,0.20630264282226562,0.2184361219406128,0.23056960105895996,0.24270308017730713,0.2548364996910095,0.2669699788093567,0.27910345792770386,0.291236937046051,0.3033704161643982,0.3155038356781006,0.32763731479644775,0.3397707939147949,0.3519042730331421,0.3640376925468445,0.37617117166519165,0.3883046507835388],"_type":"histogram"},"loss":0.09391310811042786,"_step":200}