{"Epoch":9,"loss":0.0009660047944635153,"train_accuracy":1,"gradients":{"_type":"histogram","values":[1,0,0,0,0,0,0,0,0,0,0,0,0,0,1,0,0,0,0,0,2,1,0,0,2,0,0,1,1,1,0,3,4,17,26,46,132,273,1448,89412,2363,140,41,23,7,4,4,2,1,0,2,2,0,0,1,0,0,0,0,0,0,0,0,1],"bins":[-0.006464621052145958,-0.00630190409719944,-0.006139187607914209,-0.005976470652967691,-0.005813754163682461,-0.005651037208735943,-0.005488320253789425,-0.005325603298842907,-0.005162886809557676,-0.005000170320272446,-0.004837453365325928,-0.00467473641037941,-0.004512019455432892,-0.004349302966147661,-0.004186586011201143,-0.004023869521915913,-0.0038611525669693947,-0.0036984358448535204,-0.003535719122737646,-0.003373002167791128,-0.003210285445675254,-0.0030475687235593796,-0.0028848517686128616,-0.0027221350464969873,-0.002559418324381113,-0.002396701369434595,-0.0022339848801493645,-0.0020712679252028465,-0.0019085509702563286,-0.001745834480971098,-0.00158311752602458,-0.0014204010367393494,-0.0012576840817928314,-0.0010949671268463135,-0.0009322506375610828,-0.0007695336826145649,-0.0006068171933293343,-0.0004441002383828163,-0.00028138328343629837,-0.00011866679415106773,4.405016079545021e-05,0.00020676711574196815,0.0003694836050271988,0.0005322005599737167,0.0006949175149202347,0.0008576340042054653,0.0010203509591519833,0.001183067448437214,0.0013457844033837318,0.0015085013583302498,0.0016712183132767677,0.001833934336900711,0.001996651291847229,0.002159368246793747,0.002322085201740265,0.002484802156686783,0.0026475191116333008,0.002810235135257244,0.002972952090203762,0.00313566904515028,0.003298386000096798,0.003461102955043316,0.003623818978667259,0.003786535933613777,0.003949252422899008]},"_wandb":{"runtime":57},"_step":200,"_timestamp":1.76804523875147e+09,"roc":{"width":640,"height":480,"_type":"image-file","sha256":"ea3e7acb3265886e28a61e82bab2bbee15ebc053193ba82848a85225150f2238","size":24677,"path":"media/images/roc_200_ea3e7acb3265886e28a6.png","format":"png"},"_runtime":57}