{"_step":200,"loss":0.004196826834231615,"roc":{"path":"media/images/roc_200_1ddb5e59d3b38192bc31.png","format":"png","width":640,"height":480,"_type":"image-file","sha256":"1ddb5e59d3b38192bc3179b400fdbefb73487f9dec4064867d551977463b7a14","size":24801},"_runtime":62,"train_accuracy":1,"gradients":{"_type":"histogram","values":[1,0,0,0,0,1,0,1,0,1,0,2,0,0,1,0,1,1,1,1,0,0,1,1,1,1,4,6,12,17,40,55,104,213,470,1935,88798,1625,359,149,70,33,22,10,5,3,0,3,1,2,0,2,0,3,0,0,2,0,1,0,1,0,1,1],"bins":[-0.031609926372766495,-0.030744308605790138,-0.029878690838813782,-0.029013073071837425,-0.02814745530486107,-0.02728183940052986,-0.026416221633553505,-0.02555060386657715,-0.024684986099600792,-0.023819368332624435,-0.02295375056564808,-0.022088132798671722,-0.021222516894340515,-0.02035689726471901,-0.019491281360387802,-0.018625663593411446,-0.01776004582643509,-0.016894428059458733,-0.016028810292482376,-0.01516319252550602,-0.014297574758529663,-0.013431958854198456,-0.0125663410872221,-0.011700723320245743,-0.010835105553269386,-0.00996948778629303,-0.009103870019316673,-0.008238252252340317,-0.0073726363480091095,-0.006507018581032753,-0.0056414008140563965,-0.00477578304708004,-0.0039101652801036835,-0.003044547513127327,-0.0021789297461509705,-0.001313311979174614,-0.00044769421219825745,0.00041792169213294983,0.0012835413217544556,0.002149157226085663,0.0030147768557071686,0.003880392760038376,0.004746008664369583,0.005611628293991089,0.006477244198322296,0.007342863827943802,0.00820847973227501,0.009074099361896515,0.009939715266227722,0.01080533117055893,0.011670950800180435,0.012536566704511642,0.013402186334133148,0.014267802238464355,0.015133421868085861,0.01599903777241707,0.016864653676748276,0.01773027330636978,0.01859588921070099,0.019461508840322495,0.020327124744653702,0.021192744374275208,0.022058360278606415,0.02292397990822792,0.02378959394991398]},"Epoch":9,"_timestamp":1.768046447475468e+09,"_wandb":{"runtime":62}}