{"train_accuracy":1,"gradients":{"_type":"histogram","values":[1,0,0,0,0,1,0,0,0,0,0,0,1,0,1,0,0,0,1,0,1,0,1,2,6,11,21,45,69,110,253,2911,89933,516,46,11,8,3,1,2,0,0,1,1,0,1,0,0,0,1,0,0,0,1,0,0,0,0,1,0,0,0,0,1],"bins":[-0.1031499058008194,-0.09994664788246155,-0.0967433899641037,-0.09354013204574585,-0.0903368815779686,-0.08713362365961075,-0.0839303657412529,-0.08072710782289505,-0.0775238573551178,-0.07432059943675995,-0.0711173415184021,-0.06791408360004425,-0.0647108256816864,-0.06150757148861885,-0.058304313570261,-0.05510105937719345,-0.0518978014588356,-0.04869454354047775,-0.0454912893474102,-0.04228803142905235,-0.0390847772359848,-0.03588151931762695,-0.032678261399269104,-0.029475003480911255,-0.026271745562553406,-0.023068495094776154,-0.019865237176418304,-0.016661979258060455,-0.013458721339702606,-0.010255463421344757,-0.007052212953567505,-0.0038489550352096558,-0.0006456971168518066,0.0025575608015060425,0.005760818719863892,0.008964069187641144,0.012167327105998993,0.015370585024356842,0.01857384294271469,0.02177710086107254,0.024980351328849792,0.02818360924720764,0.03138686716556549,0.03459012508392334,0.03779338300228119,0.04099664092063904,0.04419989883899689,0.047403156757354736,0.050606414675712585,0.05380965769290924,0.05701291561126709,0.06021617352962494,0.06341943144798279,0.06662268936634064,0.06982594728469849,0.07302920520305634,0.07623246312141418,0.07943572103977203,0.08263897895812988,0.08584222197532654,0.08904547989368439,0.09224873781204224,0.09545199573040009,0.09865525364875793,0.10185851156711578]},"_wandb":{"runtime":45},"_timestamp":1.7680444218150046e+09,"loss":0.014225617051124573,"_runtime":45,"_step":200,"Epoch":9,"roc":{"height":480,"_type":"image-file","sha256":"6ec56b4ed95ecbbaa80d6dd998f80aa0d355e64249896002d7ab53676b1cc344","size":24718,"path":"media/images/roc_200_6ec56b4ed95ecbbaa80d.png","format":"png","width":640}}