{"loss":0.02268858812749386,"roc":{"_type":"image-file","sha256":"c0fa7362b87d9a25f3857a9e2f9b6d7907b9b567bd678008819330778fdc853f","size":24676,"path":"media/images/roc_200_c0fa7362b87d9a25f385.png","format":"png","width":640,"height":480},"_wandb":{"runtime":76},"_timestamp":1.7680390577964609e+09,"train_accuracy":1,"_runtime":76,"_step":200,"gradients":{"bins":[-0.1533043086528778,-0.14909642934799194,-0.14488855004310608,-0.14068067073822021,-0.13647280633449554,-0.13226492702960968,-0.12805704772472382,-0.12384916841983795,-0.11964128911495209,-0.11543341726064682,-0.11122553795576096,-0.10701766610145569,-0.10280978679656982,-0.09860190749168396,-0.0943940281867981,-0.09018615633249283,-0.08597827702760696,-0.0817703977227211,-0.07756252586841583,-0.07335464656352997,-0.0691467672586441,-0.06493889540433884,-0.06073101609945297,-0.05652313679456711,-0.05231526494026184,-0.04810738563537598,-0.04389950633049011,-0.03969162702560425,-0.03548375517129898,-0.031275875866413116,-0.02706800401210785,-0.022860124707221985,-0.01865224540233612,-0.014444366097450256,-0.010236486792564392,-0.006028607487678528,-0.0018207430839538574,0.002387136220932007,0.006595015525817871,0.010802894830703735,0.0150107741355896,0.019218653440475464,0.023426517844200134,0.027634397149086,0.03184227645397186,0.03605015575885773,0.04025803506374359,0.044465914368629456,0.048673778772354126,0.05288165807723999,0.057089537382125854,0.06129741668701172,0.06550529599189758,0.06971317529678345,0.07392105460166931,0.07812891900539398,0.08233679831027985,0.08654467761516571,0.09075255692005157,0.09496043622493744,0.09916830062866211,0.10337617993354797,0.10758405923843384,0.1117919385433197,0.11599981784820557],"_type":"histogram","values":[1,0,2,0,0,0,0,0,0,0,0,0,0,1,0,0,0,0,0,1,0,2,0,2,4,7,6,10,8,17,22,27,75,131,361,1927,89956,1023,191,60,32,25,19,12,16,2,5,4,2,3,2,0,1,0,0,2,0,0,0,0,0,0,1,2]},"Epoch":9}