{"_timestamp":1.7680455508426342e+09,"gradients":{"bins":[-0.587650716304779,-0.5692882537841797,-0.5509257912635803,-0.532563328742981,-0.5142008662223816,-0.4958384037017822,-0.4774759113788605,-0.4591134488582611,-0.44075098633766174,-0.4223885238170624,-0.404026061296463,-0.38566356897354126,-0.3673011064529419,-0.34893864393234253,-0.33057618141174316,-0.3122137188911438,-0.29385125637054443,-0.27548879384994507,-0.2571263313293457,-0.23876386880874634,-0.22040140628814697,-0.20203891396522522,-0.18367645144462585,-0.1653139889240265,-0.14695152640342712,-0.12858906388282776,-0.1102266013622284,-0.09186413884162903,-0.07350164651870728,-0.05513918399810791,-0.036776721477508545,-0.01841425895690918,-5.179643630981445e-05,0.01831066608428955,0.036673128604888916,0.05503559112548828,0.07339805364608765,0.09176051616668701,0.11012297868728638,0.12848544120788574,0.1468479037284851,0.16521042585372925,0.1835728883743286,0.20193535089492798,0.22029781341552734,0.2386602759361267,0.2570227384567261,0.27538520097732544,0.2937476634979248,0.31211012601852417,0.33047258853912354,0.3488350510597229,0.36719751358032227,0.38555997610092163,0.403922438621521,0.42228490114212036,0.4406474232673645,0.4590098261833191,0.47737234830856323,0.4957347512245178,0.514097273349762,0.5324596762657166,0.5508221983909607,0.5691846013069153,0.5875471234321594],"_type":"histogram","values":[1,0,0,0,0,0,1,0,0,0,0,0,0,0,0,0,1,1,1,0,1,2,0,1,0,2,2,4,6,27,89,11348,82225,189,38,8,2,4,0,0,1,0,0,3,0,1,1,1,0,0,0,0,0,0,0,0,0,1,0,0,0,0,0,1]},"roc":{"width":640,"height":480,"_type":"image-file","sha256":"70ef4615d6474841e7aa0ce9dd7fcd9feccd36f4e90f81239ed0a4e3062ada89","size":24984,"path":"media/images/roc_200_70ef4615d6474841e7aa.png","format":"png"},"_step":200,"_wandb":{"runtime":54},"loss":0.09391535818576813,"train_accuracy":0.96875,"_runtime":54,"Epoch":9}