{"train_accuracy":1,"_runtime":66,"_step":200,"roc":{"_type":"image-file","sha256":"a562539ffda38422eebf8fde3818cf5d8733783ac1c3c0c228f580486a3245ac","size":24618,"path":"media/images/roc_200_a562539ffda38422eebf.png","format":"png","width":640,"height":480},"_wandb":{"runtime":66},"Epoch":9,"loss":0.003822757862508297,"_timestamp":1.7680438122254465e+09,"gradients":{"_type":"histogram","values":[1,0,0,0,1,0,0,0,2,1,1,3,2,0,2,4,4,3,1,4,3,9,10,18,11,22,31,66,130,264,555,1853,87629,2290,626,208,99,44,16,3,3,6,8,6,1,3,2,2,4,3,1,2,1,1,0,0,1,0,0,1,0,0,0,1],"bins":[-0.026808002963662148,-0.02598479948937893,-0.02516159601509571,-0.024338390678167343,-0.023515187203884125,-0.022691983729600906,-0.021868780255317688,-0.02104557678103447,-0.02022237330675125,-0.019399169832468033,-0.018575966358184814,-0.017752762883901596,-0.01692955754697323,-0.01610635407269001,-0.015283150598406792,-0.014459946192800999,-0.01363674271851778,-0.012813539244234562,-0.011990334838628769,-0.01116713136434555,-0.010343927890062332,-0.009520724415779114,-0.008697520941495895,-0.007874315604567528,-0.007051112130284309,-0.006227908656001091,-0.005404705181717873,-0.004581501707434654,-0.003758298233151436,-0.0029350928962230682,-0.00211188942193985,-0.0012886859476566315,-0.0004654824733734131,0.0003577210009098053,0.0011809244751930237,0.002004127949476242,0.0028273332864046097,0.003650536760687828,0.0044737402349710464,0.005296943709254265,0.006120147183537483,0.006943350657820702,0.00776655413210392,0.008589757606387138,0.009412961080670357,0.010236168280243874,0.011059371754527092,0.01188257522881031,0.012705778703093529,0.013528982177376747,0.014352185651659966,0.015175389125943184,0.015998592600226402,0.01682179607450962,0.01764499954879284,0.018468203023076057,0.019291406497359276,0.020114609971642494,0.02093781717121601,0.02176102064549923,0.022584224119782448,0.023407427594065666,0.024230631068348885,0.025053834542632103,0.02587703801691532]}}