{"_step":200,"Epoch":9,"train_accuracy":1,"gradients":{"values":[1,0,1,0,1,0,0,0,0,0,0,0,1,0,0,1,0,2,0,1,0,1,3,4,7,13,10,25,23,49,82,322,2081,89837,1147,227,64,27,10,7,3,2,2,2,1,0,0,0,0,0,0,1,0,0,1,0,1,0,0,0,0,0,0,2],"bins":[-0.09930583089590073,-0.0963323712348938,-0.09335891157388687,-0.09038545191287994,-0.08741199970245361,-0.08443854004144669,-0.08146508038043976,-0.07849162071943283,-0.0755181610584259,-0.07254470884799957,-0.06957124918699265,-0.06659778952598572,-0.06362432986497879,-0.06065087392926216,-0.057677414268255234,-0.054703958332538605,-0.05173049867153168,-0.04875703901052475,-0.04578358307480812,-0.04281012341380119,-0.039836667478084564,-0.03686320781707764,-0.03388974815607071,-0.030916288495063782,-0.027942828834056854,-0.024969376623630524,-0.021995916962623596,-0.01902245730161667,-0.01604899764060974,-0.013075537979602814,-0.010102085769176483,-0.007128626108169556,-0.004155166447162628,-0.0011817067861557007,0.0017917528748512268,0.004765205085277557,0.007738664746284485,0.010712124407291412,0.01368558406829834,0.016659043729305267,0.019632495939731598,0.022605955600738525,0.025579415261745453,0.028552867472171783,0.03152633458375931,0.03449978679418564,0.03747325390577316,0.04044670611619949,0.04342017322778702,0.04639362543821335,0.04936707764863968,0.0523405447602272,0.055313996970653534,0.05828746408224106,0.06126091629266739,0.06423436850309372,0.06720783561468124,0.07018128782510757,0.0731547549366951,0.07612820714712143,0.07910165935754776,0.08207512646913528,0.08504857867956161,0.08802204579114914,0.09099549800157547],"_type":"histogram"},"_timestamp":1.7680460516637657e+09,"_runtime":43,"loss":0.01344250701367855,"_wandb":{"runtime":43},"roc":{"height":480,"_type":"image-file","sha256":"0548c64e1ec74fc1641626e3501f9a27df0d8e50db4ad2c1048b2d804fed5b6d","size":24459,"path":"media/images/roc_200_0548c64e1ec74fc16416.png","format":"png","width":640}}