{"_timestamp":1.7678783617171934e+09,"_runtime":0,"_wandb":{"runtime":0},"_step":0,"Epoch":0,"loss":2.3173210620880127}