{"gradients":{"_type":"histogram","values":[1,0,0,0,0,0,0,1,0,0,0,0,0,0,0,1,0,1,0,0,0,1,0,2,3,5,7,16,22,43,85,213,2237,90312,735,187,47,21,7,6,1,1,1,0,2,0,0,1,0,1,0,0,0,0,0,0,0,0,0,1,0,0,0,1],"bins":[-0.16491560637950897,-0.1599569022655487,-0.15499821305274963,-0.15003952383995056,-0.1450808197259903,-0.14012211561203003,-0.13516342639923096,-0.13020473718643188,-0.12524603307247162,-0.12028733640909195,-0.11532863974571228,-0.11036994308233261,-0.10541124641895294,-0.10045254975557327,-0.0954938530921936,-0.09053515642881393,-0.08557645976543427,-0.0806177631020546,-0.07565906643867493,-0.07070036977529526,-0.06574167311191559,-0.06078297644853592,-0.05582427978515625,-0.05086558312177658,-0.04590688645839691,-0.04094818979501724,-0.03598949313163757,-0.031030789017677307,-0.026072099804878235,-0.021113410592079163,-0.016154706478118896,-0.01119600236415863,-0.006237313151359558,-0.0012786239385604858,0.0036800801753997803,0.008638784289360046,0.013597473502159119,0.01855616271495819,0.023514866828918457,0.028473570942878723,0.033432260155677795,0.03839094936847687,0.043349653482437134,0.0483083575963974,0.05326704680919647,0.058225736021995544,0.06318444013595581,0.06814314424991608,0.07310183346271515,0.07806052267551422,0.08301922678947449,0.08797793090343475,0.09293662011623383,0.0978953093290329,0.10285402834415436,0.10781271755695343,0.1127714067697525,0.11773009598255157,0.12268878519535065,0.1276475042104721,0.13260619342327118,0.13756488263607025,0.1425236016511917,0.14748229086399078,0.15244096517562866]},"_runtime":52,"Epoch":9,"_timestamp":1.7680428004827833e+09,"loss":0.024314891546964645,"roc":{"width":640,"height":480,"_type":"image-file","sha256":"95060d804985896c7c4683b6de18029849b827b2a0c0264969b6bc620e220a85","size":24440,"path":"media/images/roc_200_95060d804985896c7c46.png","format":"png"},"_wandb":{"runtime":52},"train_accuracy":1,"_step":200}