{"Epoch":9,"train_accuracy":1,"gradients":{"_type":"histogram","values":[2,1,0,0,0,0,0,0,0,1,0,0,1,2,1,1,1,1,1,3,1,3,2,4,2,5,15,13,16,28,46,77,259,614,2675,86631,2514,545,222,98,57,27,20,15,8,13,8,7,4,4,3,2,2,1,0,2,1,0,0,0,0,1,0,2],"bins":[-0.04123551771044731,-0.040077608078718185,-0.03891970217227936,-0.03776179254055023,-0.036603886634111404,-0.03544597700238228,-0.03428807109594345,-0.033130161464214325,-0.0319722518324852,-0.03081434592604637,-0.029656436294317245,-0.02849852852523327,-0.027340620756149292,-0.026182711124420166,-0.02502480335533619,-0.023866895586252213,-0.022708987817168236,-0.02155108004808426,-0.020393172279000282,-0.019235262647271156,-0.01807735487818718,-0.016919447109103203,-0.015761539340019226,-0.01460363157093525,-0.013445723801851273,-0.012287814170122147,-0.01112990640103817,-0.009971998631954193,-0.008814089000225067,-0.00765618309378624,-0.006498273462057114,-0.005340367555618286,-0.00418245792388916,-0.003024548292160034,-0.0018666423857212067,-0.0007087327539920807,0.0004491731524467468,0.0016070827841758728,0.0027649924159049988,0.003922898322343826,0.005080807954072952,0.00623871386051178,0.007396623492240906,0.008554533123970032,0.00971243903040886,0.010870348662137985,0.012028254568576813,0.013186164200305939,0.014344070106744766,0.015501979738473892,0.016659889370203018,0.017817795276641846,0.01897570490837097,0.0201336108148098,0.021291520446538925,0.02244943007826805,0.023607339709997177,0.024765241891145706,0.025923151522874832,0.027081061154603958,0.028238970786333084,0.02939688041806221,0.03055478259921074,0.031712692230939865,0.03287060186266899]},"_step":200,"_timestamp":1.7680436486452746e+09,"loss":0.010520759038627148,"roc":{"sha256":"47576dd4c8aecf6dd3af0cd4a2f62b0208e941d28d84a337e2ac3f2af65a92c1","size":24863,"path":"media/images/roc_200_47576dd4c8aecf6dd3af.png","format":"png","width":640,"height":480,"_type":"image-file"},"_wandb":{"runtime":69},"_runtime":69}