{"loss":0.008501294068992138,"_step":200,"gradients":{"values":[1,0,0,0,0,0,0,0,0,0,0,1,0,1,0,0,0,1,1,1,2,1,2,0,5,3,9,26,56,137,495,3920,88537,518,135,53,26,8,7,4,0,3,1,1,1,1,2,0,0,1,0,0,1,0,0,0,0,0,0,0,0,0,0,1],"bins":[-0.11152558773756027,-0.10805526375770569,-0.1045849397778511,-0.10111461579799652,-0.09764428436756134,-0.09417396038770676,-0.09070363640785217,-0.08723331242799759,-0.083762988448143,-0.08029265701770782,-0.07682233303785324,-0.07335200905799866,-0.06988168507814407,-0.06641136109828949,-0.06294102966785431,-0.059470705687999725,-0.05600038170814514,-0.05253005772829056,-0.049059730023145676,-0.04558940231800079,-0.04211907833814621,-0.038648754358291626,-0.03517843037843704,-0.03170810639858246,-0.028237782418727875,-0.024767450988292694,-0.02129712700843811,-0.017826803028583527,-0.014356479048728943,-0.010886155068874359,-0.0074158236384391785,-0.003945499658584595,-0.000475175678730011,0.0029951483011245728,0.0064654722809791565,0.009935803711414337,0.013406127691268921,0.016876451671123505,0.020346783101558685,0.023817099630832672,0.027287431061267853,0.03075774759054184,0.03422807902097702,0.0376984104514122,0.04116872698068619,0.04463905841112137,0.048109374940395355,0.051579706370830536,0.05505002290010452,0.0585203543305397,0.061990685760974884,0.06546100229024887,0.06893133372068405,0.07240165024995804,0.07587198168039322,0.0793423131108284,0.08281262964010239,0.08628296107053757,0.08975327759981155,0.09322360903024673,0.09669394046068192,0.1001642569899559,0.10363458842039108,0.10710490494966507,0.11057524383068085],"_type":"histogram"},"roc":{"width":640,"height":480,"_type":"image-file","sha256":"cda47d4c42f1433dfebef3d3c40da5f8fd64b8a5ac5053641e9e97461d0432ba","size":24776,"path":"media/images/roc_200_cda47d4c42f1433dfebe.png","format":"png"},"_timestamp":1.7680473560643032e+09,"Epoch":9,"_wandb":{"runtime":61},"_runtime":61,"train_accuracy":1}