{"train_accuracy":0.96875,"loss":0.05080956593155861,"gradients":{"bins":[-0.3712841272354126,-0.3596769869327545,-0.34806984663009644,-0.33646273612976074,-0.32485559582710266,-0.3132484555244446,-0.3016413450241089,-0.2900342047214508,-0.2784270644187927,-0.26681992411613464,-0.25521278381347656,-0.24360567331314087,-0.2319985330104828,-0.2203913927078247,-0.20878426730632782,-0.19717714190483093,-0.18557000160217285,-0.17396286129951477,-0.16235573589801788,-0.150748610496521,-0.13914147019386292,-0.12753432989120483,-0.11592721939086914,-0.10432007908821106,-0.09271293878555298,-0.0811057984828949,-0.06949865818023682,-0.05789154767990112,-0.04628440737724304,-0.03467726707458496,-0.023070156574249268,-0.011463016271591187,0.00014412403106689453,0.011751264333724976,0.023358404636383057,0.03496551513671875,0.04657265543937683,0.05817979574203491,0.0697869062423706,0.08139404654502869,0.09300118684768677,0.10460832715034485,0.11621546745300293,0.12782257795333862,0.13942968845367432,0.15103685855865479,0.16264396905899048,0.17425113916397095,0.18585824966430664,0.19746536016464233,0.2090725302696228,0.2206796407699585,0.23228681087493896,0.24389392137527466,0.25550103187561035,0.2671082019805908,0.2787153124809265,0.2903224229812622,0.3019295930862427,0.31353670358657837,0.32514381408691406,0.33675098419189453,0.3483580946922302,0.3599652647972107,0.3715723752975464],"_type":"histogram","values":[1,0,1,0,0,1,0,0,0,1,0,1,1,2,0,1,1,0,0,0,2,0,1,1,2,4,2,6,26,41,216,86536,6563,323,100,49,23,17,6,5,9,4,2,3,1,0,0,1,1,0,2,1,1,0,1,0,0,0,1,0,0,1,0,1]},"_wandb":{"runtime":61},"Epoch":9,"_runtime":61,"_step":200,"_timestamp":1.7680456204956808e+09,"roc":{"format":"png","width":640,"height":480,"_type":"image-file","sha256":"3354032ae2000beedca8c78085c9c13867cfb41ec0092cc1e7beec8ab9228c20","size":24479,"path":"media/images/roc_200_3354032ae2000beedca8.png"}}