{"_runtime":58,"train_accuracy":1,"loss":0.013569366186857224,"_wandb":{"runtime":58},"_timestamp":1.7680477240069919e+09,"roc":{"height":480,"_type":"image-file","sha256":"278896dd1e93d2e492b6af83275df70cc05897c8e2214ccfff56d4737a45bd08","size":24464,"path":"media/images/roc_200_278896dd1e93d2e492b6.png","format":"png","width":640},"Epoch":9,"_step":200,"gradients":{"values":[1,1,0,1,0,0,0,0,1,0,0,0,0,0,0,3,0,2,2,4,4,1,2,3,3,3,6,15,13,17,25,46,62,53,87,113,206,333,615,3855,87233,722,262,94,54,28,20,18,5,7,10,10,6,3,6,1,3,1,1,0,0,0,0,1],"bins":[-0.046709973365068436,-0.045545291155576706,-0.044380608946084976,-0.043215926736593246,-0.04205124452710152,-0.04088656231760979,-0.03972188010811806,-0.03855719417333603,-0.0373925119638443,-0.03622782975435257,-0.03506314754486084,-0.03389846533536911,-0.03273378312587738,-0.03156910091638565,-0.03040441870689392,-0.02923973649740219,-0.02807505428791046,-0.02691037207841873,-0.025745689868927002,-0.024581007659435272,-0.023416325449943542,-0.022251641377806664,-0.021086959168314934,-0.019922276958823204,-0.018757594749331474,-0.017592912539839745,-0.016428230330348015,-0.015263546258211136,-0.014098864048719406,-0.012934181839227676,-0.011769499629735947,-0.010604817420244217,-0.009440135210752487,-0.008275453001260757,-0.007110770791769028,-0.005946088582277298,-0.004781406372785568,-0.0036167241632938385,-0.0024520419538021088,-0.001287359744310379,-0.0001226775348186493,0.001042008399963379,0.0022066906094551086,0.0033713728189468384,0.004536055028438568,0.005700737237930298,0.006865419447422028,0.008030101656913757,0.009194783866405487,0.010359466075897217,0.011524148285388947,0.012688830494880676,0.013853512704372406,0.015018194913864136,0.016182880848646164,0.017347563058137894,0.018512245267629623,0.019676927477121353,0.020841609686613083,0.022006291896104813,0.023170974105596542,0.024335656315088272,0.025500338524580002,0.02666502073407173,0.02782970294356346],"_type":"histogram"}}