{"gradients":{"values":[1,1,0,0,0,0,1,0,0,0,0,0,0,0,0,0,0,0,0,1,0,1,0,1,2,3,9,11,27,59,128,302,5445,87637,260,42,14,3,1,3,2,2,0,1,1,0,1,0,0,0,0,0,0,0,0,0,0,0,1,0,0,0,1,1],"bins":[-0.20187003910541534,-0.19576916098594666,-0.18966826796531677,-0.18356738984584808,-0.1774665117263794,-0.1713656187057495,-0.16526474058628082,-0.15916386246681213,-0.15306296944618225,-0.14696207642555237,-0.14086119830608368,-0.134760320186615,-0.1286594271659851,-0.12255854904651642,-0.11645767092704773,-0.11035678535699844,-0.10425589978694916,-0.09815501421689987,-0.09205412864685059,-0.0859532505273819,-0.07985236495733261,-0.07375147938728333,-0.06765060126781464,-0.06154970824718475,-0.055448830127716064,-0.049347952008247375,-0.04324705898761749,-0.037146180868148804,-0.031045302748680115,-0.024944409728050232,-0.018843531608581543,-0.01274263858795166,-0.006641760468482971,-0.0005408823490142822,0.005560010671615601,0.01166088879108429,0.017761781811714172,0.02386265993118286,0.02996353805065155,0.03606443107128143,0.04216530919075012,0.04826618731021881,0.054367080330848694,0.06046797335147858,0.06656883656978607,0.07266972959041595,0.07877062261104584,0.08487148582935333,0.09097237884998322,0.0970732718706131,0.1031741350889206,0.10927502810955048,0.11537592113018036,0.12147678434848785,0.12757767736911774,0.13367857038974762,0.13977943360805511,0.145880326628685,0.15198121964931488,0.15808211266994476,0.16418297588825226,0.17028386890888214,0.17638476192951202,0.18248562514781952,0.1885865032672882],"_type":"histogram"},"_wandb":{"runtime":60},"_timestamp":1.768048129127716e+09,"Epoch":9,"_step":200,"_runtime":60,"loss":0.019732289016246796,"roc":{"sha256":"7738090bdd74934993951473dd2eeb545bce2197069d18a0f2e71a23b3a1a0d3","size":24555,"path":"media/images/roc_200_7738090bdd7493499395.png","format":"png","width":640,"height":480,"_type":"image-file"},"train_accuracy":1}