{"_runtime":34,"_step":200,"gradients":{"values":[1,0,0,0,0,0,0,0,0,1,0,1,0,1,1,0,2,1,0,0,1,1,3,1,2,2,6,8,6,13,27,36,69,137,316,2369,90077,738,69,23,21,5,3,1,3,2,2,0,2,1,2,2,1,1,1,1,0,0,0,0,0,1,0,1],"bins":[-0.019406719133257866,-0.018872875720262527,-0.01833903230726719,-0.01780518889427185,-0.017271345481276512,-0.016737502068281174,-0.016203658655285835,-0.015669815242290497,-0.015135970897972584,-0.014602127484977245,-0.014068284071981907,-0.013534439727663994,-0.013000596314668655,-0.012466752901673317,-0.011932909488677979,-0.01139906607568264,-0.010865222662687302,-0.010331379249691963,-0.009797535836696625,-0.009263692423701286,-0.008729849010705948,-0.008196004666388035,-0.007662161253392696,-0.007128317840397358,-0.0065944744274020195,-0.006060631014406681,-0.005526787601411343,-0.004992944188416004,-0.004459099844098091,-0.003925256431102753,-0.0033914130181074142,-0.002857569605112076,-0.0023237261921167374,-0.001789882779121399,-0.0012560393661260605,-0.000722195953130722,-0.0001883525401353836,0.00034549087285995483,0.0008793342858552933,0.0014131776988506317,0.0019470211118459702,0.002480866387486458,0.0030147098004817963,0.0035485532134771347,0.004082396626472473,0.004616240039467812,0.00515008345246315,0.0056839268654584885,0.006217770278453827,0.006751613691449165,0.007285457104444504,0.007819300517439842,0.00835314393043518,0.008886987343430519,0.009420830756425858,0.009954674169421196,0.010488519445061684,0.011022362858057022,0.01155620627105236,0.01209004782140255,0.012623893097043037,0.013157734647393227,0.013691579923033714,0.014225421473383904,0.014759266749024391],"_type":"histogram"},"_wandb":{"runtime":34},"_timestamp":1.7680475130352263e+09,"roc":{"height":480,"_type":"image-file","sha256":"32e33abdf03e203640ad1952aeb5aa144c993a65f24b99069bd4f62773a453f7","size":24771,"path":"media/images/roc_200_32e33abdf03e203640ad.png","format":"png","width":640},"Epoch":9,"loss":0.0024681054055690765,"train_accuracy":1}