{"train_accuracy":1,"_wandb":{"runtime":73},"_runtime":73,"gradients":{"bins":[-0.060696013271808624,-0.05885566025972366,-0.057015303522348404,-0.05517495051026344,-0.053334593772888184,-0.05149424076080322,-0.04965388774871826,-0.047813531011343,-0.04597317427396774,-0.04413282126188278,-0.04229246824979782,-0.04045211151242256,-0.0386117585003376,-0.03677140176296234,-0.03493104875087738,-0.03309069573879242,-0.03125033900141716,-0.0294099859893322,-0.02756962925195694,-0.02572927623987198,-0.02388891950249672,-0.02204856649041176,-0.0202082097530365,-0.018367856740951538,-0.016527503728866577,-0.014687146991491318,-0.012846793979406357,-0.011006437242031097,-0.009166084229946136,-0.007325727492570877,-0.005485374480485916,-0.0036450177431106567,-0.0018046647310256958,3.568828105926514e-05,0.001876041293144226,0.003716401755809784,0.005556754767894745,0.007397107779979706,0.009237460792064667,0.011077821254730225,0.012918174266815186,0.014758527278900146,0.016598880290985107,0.01843923330307007,0.020279593765735626,0.022119946777820587,0.023960299789905548,0.02580065280199051,0.02764100581407547,0.029481366276741028,0.03132171928882599,0.03316207230091095,0.03500242531299591,0.03684278577566147,0.03868313878774643,0.04052349179983139,0.04236384481191635,0.04420419782400131,0.04604455828666687,0.04788491129875183,0.04972526431083679,0.05156561732292175,0.05340597778558731,0.05524633079767227,0.05708668753504753],"_type":"histogram","values":[1,0,0,0,0,0,0,0,0,1,1,0,0,0,0,1,1,0,0,0,2,1,5,7,2,11,23,31,50,95,219,800,83443,8313,697,155,57,21,6,8,1,0,2,2,0,1,0,1,0,2,0,0,0,0,0,0,1,0,0,0,0,0,0,1]},"loss":0.01226825825870037,"_timestamp":1.768043344283887e+09,"_step":200,"roc":{"path":"media/images/roc_200_71867700eac7a783e63e.png","format":"png","width":640,"height":480,"_type":"image-file","sha256":"71867700eac7a783e63ef23e35a664f6ca11452fc0bf32e0d9838dd8a23b448d","size":24490},"Epoch":9}