{"_runtime":36,"_wandb":{"runtime":36},"train_accuracy":0.96875,"_step":200,"gradients":{"_type":"histogram","values":[2,0,0,0,0,0,0,0,1,0,0,0,1,1,0,0,0,0,2,1,0,0,1,2,2,1,2,0,2,4,3,4,12,20,41,100,186,507,2177,88035,2112,415,126,71,42,23,20,12,9,1,5,2,3,4,4,2,2,0,0,0,1,0,0,1],"bins":[-0.3806820809841156,-0.37103915214538574,-0.3613962233066559,-0.351753294467926,-0.34211036562919617,-0.3324674367904663,-0.32282450795173645,-0.3131815791130066,-0.30353865027427673,-0.2938957214355469,-0.284252792596817,-0.27460986375808716,-0.2649669349193573,-0.25532400608062744,-0.24568107724189758,-0.23603814840316772,-0.22639521956443787,-0.216752290725708,-0.20710936188697815,-0.1974664330482483,-0.18782350420951843,-0.17818057537078857,-0.16853764653205872,-0.15889471769332886,-0.149251788854599,-0.13960886001586914,-0.12996593117713928,-0.12032300233840942,-0.11068007349967957,-0.10103714466094971,-0.09139421582221985,-0.08175128698348999,-0.07210835814476013,-0.06246542930603027,-0.052822500467300415,-0.04317957162857056,-0.0335366427898407,-0.02389371395111084,-0.014250785112380981,-0.004607856273651123,0.005035072565078735,0.014678001403808594,0.024320930242538452,0.03396385908126831,0.04360678791999817,0.05324971675872803,0.06289264559745789,0.07253557443618774,0.0821785032749176,0.09182143211364746,0.10146436095237732,0.11110728979110718,0.12075021862983704,0.13039317727088928,0.14003607630729675,0.14967897534370422,0.15932193398475647,0.16896489262580872,0.1786077916622162,0.18825069069862366,0.1978936493396759,0.20753660798072815,0.21717950701713562,0.2268224060535431,0.23646539449691772]},"roc":{"path":"media/images/roc_200_718f7331ba4c72d6dd8a.png","format":"png","width":640,"height":480,"_type":"image-file","sha256":"718f7331ba4c72d6dd8a127883d7a55b7166166577891e96521761725f3651ba","size":24733},"loss":0.053799036890268326,"_timestamp":1.7680454226891186e+09,"Epoch":9}