{"_step":200,"gradients":{"bins":[-0.1597522795200348,-0.1545771211385727,-0.1494019627571106,-0.1442268192768097,-0.1390516608953476,-0.1338765025138855,-0.1287013590335846,-0.1235262006521225,-0.1183510422706604,-0.1131758838891983,-0.1080007329583168,-0.1028255820274353,-0.0976504236459732,-0.09247526526451111,-0.08730011433362961,-0.08212496340274811,-0.07694980502128601,-0.07177464663982391,-0.06659949570894241,-0.06142434477806091,-0.056249186396598816,-0.05107402801513672,-0.04589887708425522,-0.04072372615337372,-0.03554856777191162,-0.030373409390449524,-0.025198251008987427,-0.020023107528686523,-0.014847949147224426,-0.009672790765762329,-0.004497647285461426,0.0006775110960006714,0.0058526694774627686,0.011027827858924866,0.016202986240386963,0.021378129720687866,0.026553288102149963,0.03172844648361206,0.036903589963912964,0.04207874834537506,0.04725390672683716,0.052429065108299255,0.05760422348976135,0.06277936697006226,0.06795452535152435,0.07312968373298645,0.07830482721328735,0.08347998559474945,0.08865514397621155,0.09383028745651245,0.09900546073913574,0.10418060421943665,0.10935577750205994,0.11453092098236084,0.11970606446266174,0.12488123774528503,0.13005638122558594,0.13523152470588684,0.14040669798851013,0.14558184146881104,0.15075698494911194,0.15593215823173523,0.16110730171203613,0.16628247499465942,0.17145763337612152],"_type":"histogram","values":[1,0,0,0,0,0,0,0,1,0,1,0,1,1,1,1,2,1,4,0,0,5,2,6,9,27,48,102,225,804,87120,4949,426,119,43,16,13,9,5,3,3,1,2,2,1,2,1,1,0,0,2,0,1,0,0,0,0,0,0,0,0,0,0,1]},"_runtime":61,"loss":0.02446669526398182,"_timestamp":1.7680451024779232e+09,"train_accuracy":1,"roc":{"_type":"image-file","sha256":"e1a1d533fb3d5149ce80b097fb328992b5dac90002f374cf4c56b927bcf114bd","size":24429,"path":"media/images/roc_200_e1a1d533fb3d5149ce80.png","format":"png","width":640,"height":480},"Epoch":9,"_wandb":{"runtime":61}}