{"_wandb":{"runtime":63},"_step":200,"gradients":{"_type":"histogram","values":[1,0,0,0,0,0,0,0,0,0,1,0,0,0,0,0,1,1,1,0,1,2,0,1,1,2,2,3,7,22,33,99,227,1116,90938,1253,175,36,13,9,4,1,0,2,2,3,0,0,1,1,1,0,0,0,0,1,0,0,0,0,0,0,0,1],"bins":[-0.17356444895267487,-0.16854774951934814,-0.16353103518486023,-0.1585143357515335,-0.1534976214170456,-0.14848092198371887,-0.14346420764923096,-0.13844750821590424,-0.13343080878257751,-0.1284140944480896,-0.12339738756418228,-0.11838068068027496,-0.11336398124694824,-0.10834727436304092,-0.1033305674791336,-0.09831386059522629,-0.09329715371131897,-0.08828044682741165,-0.08326373994350433,-0.07824703305959702,-0.0732303261756897,-0.06821362674236298,-0.06319691985845566,-0.05818021297454834,-0.05316350609064102,-0.048146799206733704,-0.04313009977340698,-0.03811338543891907,-0.033096686005592346,-0.02807997167110443,-0.02306327223777771,-0.018046557903289795,-0.013029858469963074,-0.008013159036636353,-0.0029964447021484375,0.0020202547311782837,0.007036969065666199,0.01205366849899292,0.017070382833480835,0.022087082266807556,0.02710379660129547,0.03212049603462219,0.037137195467948914,0.04215390980243683,0.04717060923576355,0.052187323570251465,0.057204023003578186,0.0622207373380661,0.06723743677139282,0.07225413620471954,0.07727085053920746,0.08228756487369537,0.0873042494058609,0.09232096374034882,0.09733767807483673,0.10235439240932465,0.10737107694149017,0.11238779127597809,0.117404505610466,0.12242119014263153,0.12743790447711945,0.13245461881160736,0.13747133314609528,0.1424880176782608,0.14750471711158752]},"_runtime":63,"Epoch":9,"loss":0.02191133424639702,"_timestamp":1.7680448948411446e+09,"train_accuracy":1,"roc":{"format":"png","width":640,"height":480,"_type":"image-file","sha256":"81545c5a6142153c997e1f49bca62579abf9e9b8f89f0984229592fb2eb394aa","size":24638,"path":"media/images/roc_200_81545c5a6142153c997e.png"}}