{"_wandb":{"runtime":60},"Epoch":9,"_timestamp":1.7680472828050761e+09,"roc":{"path":"media/images/roc_200_4f8af858d5654c5e6b09.png","format":"png","width":640,"height":480,"_type":"image-file","sha256":"4f8af858d5654c5e6b090ffde77c6d365432747edd7cc8924cdf4c6bcb720cb0","size":24730},"loss":0.01867637410759926,"gradients":{"_type":"histogram","values":[2,0,0,0,0,0,0,0,1,0,0,0,2,0,2,0,1,2,0,0,2,2,7,17,43,169,1599,91394,595,92,14,5,1,0,2,0,1,2,0,1,1,0,2,0,0,0,1,0,0,0,0,0,0,0,1,0,0,0,0,0,0,0,0,1],"bins":[-0.13534514605998993,-0.13040244579315186,-0.1254597306251526,-0.12051703035831451,-0.11557433009147644,-0.11063162237405777,-0.1056889146566391,-0.10074621438980103,-0.09580350667238235,-0.09086079895496368,-0.08591809868812561,-0.08097539097070694,-0.07603268325328827,-0.0710899829864502,-0.06614727526903152,-0.06120457500219345,-0.05626186728477478,-0.05131915956735611,-0.046376459300518036,-0.041433751583099365,-0.03649105131626129,-0.03154834359884262,-0.02660563588142395,-0.021662935614585876,-0.016720227897167206,-0.011777520179748535,-0.006834819912910461,-0.0018921196460723877,0.00305059552192688,0.007993295788764954,0.012935996055603027,0.017878711223602295,0.02282141149044037,0.027764111757278442,0.03270682692527771,0.037649527192115784,0.04259222745895386,0.047534942626953125,0.0524776428937912,0.05742034316062927,0.062363043427467346,0.06730575859546661,0.07224845886230469,0.07719115912914276,0.08213387429714203,0.0870765745639801,0.09201927483081818,0.09696198999881744,0.10190469026565552,0.10684739053249359,0.11179010570049286,0.11673279106616974,0.121675506234169,0.12661822140216827,0.13156090676784515,0.13650362193584442,0.1414463371038437,0.14638902246952057,0.15133173763751984,0.1562744528055191,0.16121713817119598,0.16615985333919525,0.17110256850719452,0.1760452538728714,0.18098798394203186]},"_runtime":60,"train_accuracy":1,"_step":200}