{"_wandb":{"runtime":61},"_step":200,"_timestamp":1.7680449665047019e+09,"_runtime":61,"train_accuracy":1,"roc":{"sha256":"32d84fe9bf1b3db1e9781b9af36fff8ea57ec2da64556a1df7248bb373533350","size":24645,"path":"media/images/roc_200_32d84fe9bf1b3db1e978.png","format":"png","width":640,"height":480,"_type":"image-file"},"loss":0.009037026204168797,"Epoch":9,"gradients":{"bins":[-0.054883770644664764,-0.053346142172813416,-0.05180851370096207,-0.05027088522911072,-0.04873325675725937,-0.04719562456011772,-0.04565799608826637,-0.044120367616415024,-0.042582739144563675,-0.041045110672712326,-0.03950748220086098,-0.03796985000371933,-0.03643222153186798,-0.03489459306001663,-0.03335696458816528,-0.031819336116313934,-0.030281707644462585,-0.028744079172611237,-0.027206450700759888,-0.02566882036626339,-0.02413119189441204,-0.022593561559915543,-0.021055933088064194,-0.019518304616212845,-0.017980676144361496,-0.016443047672510147,-0.014905419200658798,-0.01336779072880745,-0.011830158531665802,-0.010292530059814453,-0.008754901587963104,-0.007217273116111755,-0.0056796446442604065,-0.004142016172409058,-0.0026043877005577087,-0.0010667592287063599,0.000470869243144989,0.0020085014402866364,0.0035461299121379852,0.005083758383989334,0.006621386855840683,0.00815901905298233,0.00969664752483368,0.011234275996685028,0.012771904468536377,0.014309532940387726,0.015847161412239075,0.017384789884090424,0.018922418355941772,0.02046004682779312,0.02199767529964447,0.02353530377149582,0.025072932243347168,0.026610560715198517,0.028148189187049866,0.029685817658901215,0.03122345358133316,0.03276108205318451,0.03429871052503586,0.03583633899688721,0.037373967468738556,0.038911595940589905,0.040449224412441254,0.0419868528842926,0.04352448135614395],"_type":"histogram","values":[1,0,0,0,0,0,0,0,0,0,0,0,0,0,0,1,0,0,0,0,4,0,1,2,5,3,4,7,14,20,43,56,111,231,983,90419,1690,244,69,20,7,5,3,2,5,4,1,2,1,0,2,1,0,0,0,0,0,0,0,0,0,0,0,1]}}