{"_wandb":{"runtime":45},"train_accuracy":0.96875,"_timestamp":1.7680474132486007e+09,"roc":{"width":640,"height":480,"_type":"image-file","sha256":"9330f2bb57adc498ebfcd4d31a4b852d5979e6e6c18f6704a2405274eddd1543","size":24556,"path":"media/images/roc_200_9330f2bb57adc498ebfc.png","format":"png"},"loss":0.04122912138700485,"_step":200,"gradients":{"_type":"histogram","values":[1,0,0,0,0,0,0,0,1,1,1,1,1,0,1,0,2,0,0,0,0,0,1,3,5,11,16,40,59,96,236,444,1515,88751,1706,545,226,122,69,43,15,18,14,0,4,1,2,1,1,2,1,0,1,1,1,1,1,0,0,0,0,0,0,1],"bins":[-0.2602199912071228,-0.2524414360523224,-0.24466288089752197,-0.23688432574272156,-0.22910577058792114,-0.22132721543312073,-0.2135486602783203,-0.2057701051235199,-0.19799154996871948,-0.19021299481391907,-0.18243443965911865,-0.17465588450431824,-0.16687732934951782,-0.1590987741947174,-0.151320219039917,-0.14354166388511658,-0.13576310873031616,-0.12798455357551575,-0.12020599842071533,-0.11242744326591492,-0.1046488881111145,-0.09687033295631409,-0.08909177780151367,-0.08131322264671326,-0.07353466749191284,-0.06575611233711243,-0.05797755718231201,-0.0501990020275116,-0.04242044687271118,-0.03464189171791077,-0.02686333656311035,-0.019084781408309937,-0.011306226253509521,-0.0035276710987091064,0.004250884056091309,0.012029439210891724,0.01980799436569214,0.027586549520492554,0.03536510467529297,0.043143659830093384,0.0509222149848938,0.058700770139694214,0.06647932529449463,0.07425788044929504,0.08203643560409546,0.08981499075889587,0.09759354591369629,0.1053721010684967,0.11315065622329712,0.12092921137809753,0.12870776653289795,0.13648632168769836,0.14426487684249878,0.1520434319972992,0.1598219871520996,0.16760054230690002,0.17537909746170044,0.18315765261650085,0.19093620777130127,0.19871476292610168,0.2064933180809021,0.21427187323570251,0.22205042839050293,0.22982898354530334,0.23760753870010376]},"_runtime":45,"Epoch":9}