{"Epoch":9,"_wandb":{"runtime":68},"_timestamp":1.768041323860892e+09,"train_accuracy":0.96875,"gradients":{"bins":[-0.1287143975496292,-0.12481597810983658,-0.12091755867004395,-0.11701913923025131,-0.11312071979045868,-0.10922230780124664,-0.10532388836145401,-0.10142546892166138,-0.09752704948186874,-0.09362863004207611,-0.08973021060228348,-0.08583179116249084,-0.08193337917327881,-0.07803495228290558,-0.07413654029369354,-0.07023812085390091,-0.06633970141410828,-0.06244128197431564,-0.05854286253452301,-0.05464444309473038,-0.050746023654937744,-0.04684761166572571,-0.042949192225933075,-0.03905077278614044,-0.03515235334634781,-0.031253933906555176,-0.027355514466762543,-0.02345709502696991,-0.019558683037757874,-0.01566026359796524,-0.011761844158172607,-0.007863424718379974,-0.003965005278587341,-6.659328937530518e-05,0.003831833600997925,0.007730245590209961,0.011628672480583191,0.015527084469795227,0.019425511360168457,0.023323923349380493,0.027222350239753723,0.03112076222896576,0.035019174218177795,0.038917601108551025,0.04281601309776306,0.04671443998813629,0.05061285197734833,0.05451127886772156,0.058409690856933594,0.06230810284614563,0.06620652973651886,0.0701049417257309,0.07400336861610413,0.07790178060531616,0.08180020749568939,0.08569861948490143,0.08959703147411346,0.0934954583644867,0.09739387035369873,0.10129229724407196,0.105190709233284,0.10908913612365723,0.11298754811286926,0.11688597500324249,0.12078439444303513],"_type":"histogram","values":[1,1,0,1,0,0,0,0,0,0,0,0,0,1,0,1,0,0,0,0,0,0,0,5,2,3,9,18,45,52,138,438,7456,85110,453,114,35,37,22,4,6,3,1,1,0,0,0,0,0,1,0,1,0,0,0,0,0,0,0,0,1,1,0,1]},"_runtime":68,"loss":0.03664043918251991,"_step":200,"roc":{"format":"png","width":640,"height":480,"_type":"image-file","sha256":"cac73b7445482e8a83d8480d8edf8505526ad3296430f00e726c13454d39e6ca","size":24757,"path":"media/images/roc_200_cac73b7445482e8a83d8.png"}}