{"roc":{"width":640,"height":480,"_type":"image-file","sha256":"78057c6d8d9b1e98f56b8e9b44b4fdc714596fe6ad2472eb423498092d302d05","size":24460,"path":"media/images/roc_200_78057c6d8d9b1e98f56b.png","format":"png"},"train_accuracy":1,"_step":200,"loss":0.005691047757863998,"gradients":{"values":[1,0,0,1,0,1,0,0,0,0,0,1,0,0,0,1,2,1,3,1,0,2,0,1,2,2,4,4,3,10,11,32,55,182,470,1993,88479,2164,314,108,62,17,11,3,2,3,1,1,2,2,3,2,1,0,0,1,0,0,0,1,0,1,0,1],"bins":[-0.03235352039337158,-0.03147011250257492,-0.030586708337068558,-0.029703302308917046,-0.028819896280765533,-0.02793649025261402,-0.02705308422446251,-0.026169678196310997,-0.025286272168159485,-0.024402866140007973,-0.02351946011185646,-0.02263605408370495,-0.021752648055553436,-0.020869242027401924,-0.019985835999250412,-0.0191024299710989,-0.018219023942947388,-0.017335617914795876,-0.016452211886644363,-0.015568805858492851,-0.014685399830341339,-0.013801993802189827,-0.012918587774038315,-0.012035181745886803,-0.01115177571773529,-0.010268369689583778,-0.009384963661432266,-0.008501557633280754,-0.007618151605129242,-0.00673474557697773,-0.005851339548826218,-0.0049679335206747055,-0.004084527492523193,-0.003201121464371681,-0.002317715436220169,-0.001434309408068657,-0.0005509033799171448,0.0003325045108795166,0.0012159086763858795,0.0020993128418922424,0.002982720732688904,0.003866128623485565,0.004749532788991928,0.005632936954498291,0.006516344845294952,0.007399752736091614,0.008283156901597977,0.00916656106710434,0.010049968957901001,0.010933376848697662,0.011816781014204025,0.012700185179710388,0.01358359307050705,0.014467000961303711,0.015350405126810074,0.016233809292316437,0.017117217183113098,0.01800062507390976,0.018884029239416122,0.019767433404922485,0.020650841295719147,0.021534249186515808,0.02241765335202217,0.023301057517528534,0.024184463545680046],"_type":"histogram"},"_runtime":70,"_wandb":{"runtime":70},"Epoch":9,"_timestamp":1.7680415788196285e+09}