{"_timestamp":1.7680409059740858e+09,"roc":{"size":25120,"path":"media/images/roc_200_00f97a0f8c72653c6ed4.png","format":"png","width":640,"height":480,"_type":"image-file","sha256":"00f97a0f8c72653c6ed49ec71fcc3bbbd4691df0dd54ba5c00b3c0623d4fed9d"},"Epoch":9,"train_accuracy":1,"_wandb":{"runtime":68},"_runtime":68,"_step":200,"gradients":{"bins":[-0.10825663805007935,-0.10523805022239685,-0.10221946984529495,-0.09920088201761246,-0.09618230164051056,-0.09316371381282806,-0.09014512598514557,-0.08712654560804367,-0.08410796523094177,-0.08108937740325928,-0.07807078957557678,-0.07505220919847488,-0.07203362137079239,-0.06901504099369049,-0.065996453166008,-0.0629778653383255,-0.0599592849612236,-0.056940700858831406,-0.05392211675643921,-0.05090353265404701,-0.047884948551654816,-0.04486636072397232,-0.04184778034687042,-0.03882919251918793,-0.03581060469150543,-0.032792024314403534,-0.02977343648672104,-0.02675485610961914,-0.023736268281936646,-0.020717687904834747,-0.017699100077152252,-0.014680519700050354,-0.011661931872367859,-0.008643344044685364,-0.005624763667583466,-0.0026061758399009705,0.00041240453720092773,0.003430992364883423,0.006449572741985321,0.009468160569667816,0.012486740946769714,0.01550532877445221,0.018523916602134705,0.0215425044298172,0.0245610773563385,0.027579665184020996,0.03059825301170349,0.033616840839385986,0.03663542866706848,0.03965400159358978,0.04267258942127228,0.04569117724895477,0.04870976507663727,0.05172833800315857,0.054746925830841064,0.05776551365852356,0.060784101486206055,0.06380268931388855,0.06682126224040985,0.06983985006809235,0.07285843789577484,0.07587702572345734,0.07889559864997864,0.08191418647766113,0.08493278175592422],"_type":"histogram","values":[1,0,0,1,0,0,0,0,2,0,0,0,1,1,1,0,0,1,1,1,2,1,0,1,1,1,4,3,9,13,19,44,81,134,604,89798,2537,373,129,79,38,24,18,8,9,5,2,3,2,1,2,0,1,2,0,0,0,2,0,0,0,1,0,1]},"loss":0.013915433548390865}