{"train_accuracy":1,"Epoch":9,"_wandb":{"runtime":56},"_step":200,"loss":0.02829224243760109,"_timestamp":1.7680457564757385e+09,"gradients":{"values":[1,0,0,0,0,0,0,0,0,1,0,0,0,0,3,1,1,1,0,1,3,3,4,7,15,24,24,38,68,122,328,1501,89510,1551,411,156,77,47,27,11,11,6,1,0,2,0,0,0,2,1,1,0,0,0,1,0,0,0,0,0,0,0,0,1],"bins":[-0.18195877969264984,-0.17636775970458984,-0.17077672481536865,-0.16518570482730865,-0.15959466993808746,-0.15400364995002747,-0.14841261506080627,-0.14282159507274628,-0.13723057508468628,-0.1316395401954651,-0.1260485053062439,-0.1204574853181839,-0.1148664653301239,-0.1092754378914833,-0.10368441045284271,-0.09809338301420212,-0.09250235557556152,-0.08691132813692093,-0.08132030069828033,-0.07572927325963974,-0.07013824582099915,-0.06454722583293915,-0.05895619839429855,-0.05336517095565796,-0.04777415096759796,-0.04218311607837677,-0.03659209609031677,-0.03100106120109558,-0.025410041213035583,-0.019819006323814392,-0.014227986335754395,-0.008636951446533203,-0.0030459314584732056,0.002545088529586792,0.008136123418807983,0.013727143406867981,0.019318178296089172,0.02490919828414917,0.03050023317337036,0.03609125316143036,0.04168228805065155,0.04727330803871155,0.052864328026771545,0.05845536291599274,0.06404638290405273,0.06963740289211273,0.07522843778133392,0.08081947267055511,0.08641047775745392,0.09200151264667511,0.0975925475358963,0.10318358242511749,0.1087745875120163,0.11436562240123749,0.11995665729045868,0.12554769217967987,0.13113869726657867,0.13672973215579987,0.14232076704502106,0.14791177213191986,0.15350280702114105,0.15909384191036224,0.16468487679958344,0.17027588188648224,0.17586691677570343],"_type":"histogram"},"roc":{"height":480,"_type":"image-file","sha256":"5c5d074a91bc7b13aa8896ced5d294726f364776a4c49190cab8f3fa7f880781","size":24573,"path":"media/images/roc_200_5c5d074a91bc7b13aa88.png","format":"png","width":640},"_runtime":56}