{"train_accuracy":1,"_timestamp":1.7680472096722927e+09,"_step":200,"roc":{"size":24697,"path":"media/images/roc_200_50cf80fd5719734f67a0.png","format":"png","width":640,"height":480,"_type":"image-file","sha256":"50cf80fd5719734f67a0bc3445e0f4ae06195307ad8984b27fa895d7e22c8607"},"loss":0.02301686257123947,"_wandb":{"runtime":45},"_runtime":45,"Epoch":9,"gradients":{"values":[1,0,0,0,0,0,0,0,0,0,1,0,1,2,1,0,0,0,0,1,3,0,2,5,7,8,11,21,52,90,304,1742,89809,1417,325,90,33,7,4,5,4,2,3,2,2,1,0,0,0,1,2,1,0,0,1,0,0,0,0,0,0,0,0,1],"bins":[-0.14491452276706696,-0.1404639184474945,-0.13601332902908325,-0.1315627247095108,-0.12711212038993835,-0.1226615235209465,-0.11821092665195465,-0.1137603223323822,-0.10930971801280975,-0.1048591211438179,-0.10040852427482605,-0.0959579199552536,-0.09150732308626175,-0.0870567262172699,-0.08260612189769745,-0.078155517578125,-0.07370492070913315,-0.0692543238401413,-0.06480371952056885,-0.060353122651576996,-0.05590251833200455,-0.051451921463012695,-0.04700131714344025,-0.042550720274448395,-0.03810012340545654,-0.033649519085884094,-0.029198922216892242,-0.024748317897319794,-0.020297721028327942,-0.015847116708755493,-0.011396512389183044,-0.0069459229707717896,-0.002495318651199341,0.001955285668373108,0.006405875086784363,0.010856479406356812,0.01530708372592926,0.01975768804550171,0.024208277463912964,0.028658881783485413,0.03310948610305786,0.037560075521469116,0.042010679841041565,0.046461284160614014,0.05091188848018646,0.05536247789859772,0.059813082218170166,0.06426368653774261,0.06871427595615387,0.07316488027572632,0.07761548459529877,0.08206608891487122,0.08651667833328247,0.09096728265285492,0.09541788697242737,0.09986849129199982,0.10431908071041107,0.10876967012882233,0.11322028934955597,0.11767087876796722,0.12212149798870087,0.12657208740711212,0.13102267682552338,0.13547329604625702,0.13992388546466827],"_type":"histogram"}}