{"_runtime":68,"Epoch":9,"loss":0.04334323853254318,"_wandb":{"runtime":68},"_step":200,"train_accuracy":0.96875,"gradients":{"_type":"histogram","values":[1,0,0,0,0,0,0,1,0,0,0,0,0,0,0,1,0,0,0,0,1,1,0,3,1,1,7,5,5,9,19,48,166,1362,91708,474,85,18,17,11,4,6,0,3,0,1,0,0,1,1,0,0,0,0,0,0,0,1,0,0,0,0,0,1],"bins":[-0.26442384719848633,-0.25671839714050293,-0.24901293218135834,-0.24130746722221375,-0.23360201716423035,-0.22589655220508575,-0.21819108724594116,-0.21048563718795776,-0.20278018712997437,-0.19507472217082977,-0.18736925721168518,-0.17966380715370178,-0.1719583421945572,-0.1642528772354126,-0.1565474271774292,-0.1488419771194458,-0.1411365121603012,-0.13343104720115662,-0.12572559714317322,-0.11802013218402863,-0.11031468212604523,-0.10260921716690063,-0.09490376710891724,-0.08719830214977264,-0.07949283719062805,-0.07178738713264465,-0.06408192217350006,-0.05637647211551666,-0.04867100715637207,-0.04096555709838867,-0.03326009213924408,-0.02555464208126068,-0.01784917712211609,-0.01014372706413269,-0.0024382472038269043,0.005267202854156494,0.012972652912139893,0.02067810297012329,0.028383582830429077,0.036089032888412476,0.043794482946395874,0.05149996280670166,0.05920541286468506,0.06691086292266846,0.07461631298065186,0.08232179284095764,0.09002724289894104,0.09773269295692444,0.10543817281723022,0.11314362287521362,0.12084907293319702,0.12855452299118042,0.1362600028514862,0.1439654529094696,0.151670902967453,0.1593763530254364,0.1670818328857422,0.17478728294372559,0.18249273300170898,0.19019821286201477,0.19790366291999817,0.20560911297798157,0.21331456303596497,0.22102004289627075,0.22872547805309296]},"roc":{"height":480,"_type":"image-file","sha256":"5db249a64d7525a69465ed49e80b3f2c67cf5aa4909fa1298c7dbd7ac877e1cd","size":24532,"path":"media/images/roc_200_5db249a64d7525a69465.png","format":"png","width":640},"_timestamp":1.7680432607626245e+09}