{"_runtime":53,"_step":200,"roc":{"sha256":"e9d0892cd38ce7b0a5da94a691a387192541cac05c686080758c0f93ec415a61","size":24808,"path":"media/images/roc_200_e9d0892cd38ce7b0a5da.png","format":"png","width":640,"height":480,"_type":"image-file"},"_timestamp":1.7680459987339401e+09,"_wandb":{"runtime":53},"gradients":{"bins":[-0.3572535812854767,-0.3461139500141144,-0.3349743187427521,-0.32383471727371216,-0.31269508600234985,-0.30155545473098755,-0.29041582345962524,-0.27927619218826294,-0.268136590719223,-0.2569969594478607,-0.2458573281764984,-0.2347177118062973,-0.223578080534935,-0.2124384641647339,-0.20129883289337158,-0.19015921652317047,-0.17901958525180817,-0.16787995398044586,-0.15674033761024475,-0.14560070633888245,-0.13446108996868134,-0.12332145869731903,-0.11218184232711792,-0.10104221105575562,-0.08990257978439331,-0.078762948513031,-0.06762334704399109,-0.056483715772628784,-0.04534408450126648,-0.034204453229904175,-0.023064851760864258,-0.011925220489501953,-0.0007855892181396484,0.010354042053222656,0.02149367332458496,0.03263327479362488,0.04377290606498718,0.05491253733634949,0.06605216860771179,0.07719177007675171,0.08833140134811401,0.09947103261947632,0.11061066389083862,0.12175029516220093,0.13288989663124084,0.14402952790260315,0.15516915917396545,0.16630879044532776,0.17744842171669006,0.18858805298805237,0.19972768425941467,0.2108672559261322,0.2220068871974945,0.2331465184688568,0.24428614974021912,0.2554257810115814,0.2665654122829437,0.27770504355430603,0.28884467482566833,0.29998430609703064,0.31112387776374817,0.3222635090351105,0.3334031403064728,0.3445427715778351,0.3556824028491974],"_type":"histogram","values":[1,0,0,0,1,1,0,0,0,2,0,0,2,1,0,0,0,0,0,0,1,0,1,2,4,11,10,32,37,57,157,4007,89290,208,81,33,7,3,0,2,1,1,0,1,0,0,0,0,0,0,1,2,0,1,1,0,0,1,0,1,0,0,0,1]},"loss":0.03580909222364426,"Epoch":9,"train_accuracy":0.96875}