{"_timestamp":1.7680456870171635e+09,"roc":{"format":"png","width":640,"height":480,"_type":"image-file","sha256":"04d94081d7aea3e8a5cd174d8e56dbf6f6cbe33e789bdc66c94f62b6ba5d0c18","size":24634,"path":"media/images/roc_200_04d94081d7aea3e8a5cd.png"},"loss":0.0509081669151783,"gradients":{"_type":"histogram","values":[1,0,0,0,0,0,0,1,1,0,0,0,2,1,2,0,0,2,0,1,0,0,2,0,0,2,2,4,21,34,118,536,10331,82078,499,182,60,30,18,14,6,1,0,2,0,1,0,1,1,0,2,2,0,1,0,0,2,0,0,0,0,0,0,1],"bins":[-0.45557263493537903,-0.44177111983299255,-0.42796963453292847,-0.414168119430542,-0.4003666341304779,-0.38656511902809143,-0.37276363372802734,-0.35896211862564087,-0.3451606035232544,-0.3313591182231903,-0.3175576329231262,-0.30375611782073975,-0.28995460271835327,-0.2761530876159668,-0.2623516023159027,-0.24855010211467743,-0.23474860191345215,-0.22094710171222687,-0.2071456015110016,-0.1933440864086151,-0.17954260110855103,-0.16574108600616455,-0.15193960070610046,-0.138138085603714,-0.12433657050132751,-0.11053508520126343,-0.09673357009887695,-0.08293208479881287,-0.06913056969642639,-0.055329084396362305,-0.04152756929397583,-0.027726083993911743,-0.013924568891525269,-0.00012305378913879395,0.013678431510925293,0.027479946613311768,0.041281431913375854,0.05508294701576233,0.0688844621181488,0.0826859176158905,0.09648743271827698,0.11028894782066345,0.12409046292304993,0.1378919780254364,0.1516934335231781,0.16549494862556458,0.17929646372795105,0.19309797883033752,0.206899493932724,0.2207009494304657,0.23450246453285217,0.24830397963523865,0.2621054947376251,0.2759069502353668,0.2897084653377533,0.30350998044013977,0.31731149554252625,0.3311130106449127,0.3449144661426544,0.3587159812450409,0.37251749634742737,0.38631901144981384,0.40012046694755554,0.413921982049942,0.4277234673500061]},"_step":200,"Epoch":9,"_wandb":{"runtime":55},"_runtime":55,"train_accuracy":0.9375}