{"_step":200,"train_accuracy":1,"_wandb":{"runtime":68},"_runtime":68,"roc":{"_type":"image-file","sha256":"ad3a6e81f237f601e98d7603fd5f766e807dc8a00d981dd1024baba619ac6c60","size":24882,"path":"media/images/roc_200_ad3a6e81f237f601e98d.png","format":"png","width":640,"height":480},"Epoch":9,"loss":0.006282653659582138,"_timestamp":1.7680422552693863e+09,"gradients":{"bins":[-0.05681589990854263,-0.05502460524439812,-0.0532333105802536,-0.051442015916109085,-0.04965072125196457,-0.04785942658782005,-0.04606813192367554,-0.04427684098482132,-0.042485542595386505,-0.04069425165653229,-0.03890295326709747,-0.037111662328243256,-0.03532036766409874,-0.033529072999954224,-0.03173777833580971,-0.02994648367166519,-0.028155189007520676,-0.02636389434337616,-0.024572599679231644,-0.022781305015087128,-0.02099001035094261,-0.019198715686798096,-0.01740742102265358,-0.015616126358509064,-0.013824835419654846,-0.01203354075551033,-0.010242246091365814,-0.008450951427221298,-0.006659656763076782,-0.004868362098932266,-0.0030770674347877502,-0.0012857727706432343,0.0005055218935012817,0.0022968165576457977,0.004088111221790314,0.005879402160644531,0.007670700550079346,0.009461991488933563,0.011253289878368378,0.013044580817222595,0.01483587920665741,0.016627170145511627,0.01841846853494644,0.02020975947380066,0.022001057863235474,0.02379234880208969,0.025583647191524506,0.027374938130378723,0.02916622906923294,0.030957527458667755,0.03274881839752197,0.03454011678695679,0.036331407725811005,0.03812270611524582,0.03991399705410004,0.04170529544353485,0.04349658638238907,0.04528788477182388,0.0470791757106781,0.048870474100112915,0.05066176503896713,0.05245306342840195,0.054244354367256165,0.05603565275669098,0.0578269436955452],"_type":"histogram","values":[1,0,0,0,0,0,0,0,1,0,0,1,0,0,2,0,0,2,1,2,1,0,3,6,7,14,16,35,79,177,927,90120,2217,180,66,42,23,12,7,6,2,1,2,1,0,1,2,0,0,1,0,0,2,0,1,0,0,0,0,0,0,0,0,1]}}