{"roc":{"_type":"image-file","sha256":"b784de20b871b03819e979d277fe47d3614c307f0424d03168277886e87a9de6","size":24567,"path":"media/images/roc_200_b784de20b871b03819e9.png","format":"png","width":640,"height":480},"_runtime":70,"_step":200,"Epoch":9,"gradients":{"bins":[-0.038928382098674774,-0.037718310952186584,-0.036508236080408096,-0.03529816493391991,-0.03408809006214142,-0.03287801891565323,-0.03166794776916504,-0.0304578747600317,-0.02924780175089836,-0.028037728741765022,-0.026827655732631683,-0.025617584586143494,-0.024407511577010155,-0.023197438567876816,-0.021987367421388626,-0.020777294412255287,-0.019567221403121948,-0.01835714839398861,-0.01714707538485527,-0.01593700423836708,-0.014726931229233742,-0.013516858220100403,-0.012306787073612213,-0.011096714064478874,-0.009886641055345535,-0.008676568046212196,-0.007466495037078857,-0.006256423890590668,-0.005046352744102478,-0.00383627787232399,-0.0026262067258358,-0.001416131854057312,-0.00020606070756912231,0.0010040104389190674,0.0022140853106975555,0.0034241564571857452,0.004634231328964233,0.005844302475452423,0.007054373621940613,0.008264448493719101,0.00947451964020729,0.01068459078669548,0.011894665658473969,0.013104736804962158,0.014314807951450348,0.015524882823228836,0.016734953969717026,0.017945028841495514,0.019155099987983704,0.020365171134471893,0.02157524600625038,0.02278531715273857,0.02399539202451706,0.02520546317100525,0.02641553431749344,0.02762560546398163,0.028835676610469818,0.030045755207538605,0.031255826354026794,0.032465897500514984,0.033675968647003174,0.034886039793491364,0.03609611839056015,0.03730618953704834,0.03851626440882683],"_type":"histogram","values":[2,1,0,0,0,0,0,2,1,1,0,0,1,1,1,1,0,1,3,1,1,4,1,5,9,15,26,30,47,148,486,5325,86915,656,121,60,24,15,22,6,7,5,0,2,2,3,1,0,0,1,1,1,0,0,1,1,2,0,0,0,0,0,1,2]},"train_accuracy":1,"loss":0.005410491954535246,"_wandb":{"runtime":70},"_timestamp":1.768042733893691e+09}