{"roc":{"width":640,"height":480,"_type":"image-file","sha256":"ab291d3ecad89d694eabffbc19201ac5709c55567e836b182242e9fb36974e55","size":24641,"path":"media/images/roc_200_ab291d3ecad89d694eab.png","format":"png"},"_wandb":{"runtime":63},"loss":0.0024461611174046993,"_timestamp":1.7680431042378616e+09,"Epoch":9,"train_accuracy":1,"_step":200,"gradients":{"_type":"histogram","values":[1,0,0,0,1,0,2,0,1,0,0,1,0,0,0,1,2,0,3,1,1,1,3,6,7,9,10,13,21,41,100,234,545,1615,87106,3473,520,129,58,19,8,7,3,4,4,2,0,0,1,0,1,5,1,0,0,0,0,0,0,1,0,0,0,1],"bins":[-0.010940258391201496,-0.01062623132020235,-0.01031220331788063,-0.009998176246881485,-0.00968414917588234,-0.009370122104883194,-0.009056094102561474,-0.008742067031562328,-0.008428039029240608,-0.008114011958241463,-0.007799984887242317,-0.007485957350581884,-0.007171929813921452,-0.006857902742922306,-0.006543875206261873,-0.006229848135262728,-0.005915820598602295,-0.005601793061941862,-0.005287765990942717,-0.004973738454282284,-0.004659711383283138,-0.0043456838466227055,-0.004031656309962273,-0.003717629238963127,-0.0034036017023026943,-0.0030895741656422615,-0.002775547094643116,-0.0024615200236439705,-0.0021474920213222504,-0.0018334649503231049,-0.0015194378793239594,-0.0012054098770022392,-0.0008913828060030937,-0.0005773557350039482,-0.0002633277326822281,5.069933831691742e-05,0.00036472640931606293,0.000678754411637783,0.0009927814826369286,0.001306808553636074,0.0016208356246352196,0.0019348636269569397,0.002248890697956085,0.0025629177689552307,0.002876945771276951,0.0031909728422760963,0.003504999913275242,0.003819027915596962,0.0041330549865961075,0.004447082057595253,0.004761110059916973,0.005075137130916119,0.005389164201915264,0.00570319127291441,0.006017218343913555,0.00633124727755785,0.006645274348556995,0.006959301419556141,0.007273328490555286,0.007587355561554432,0.007901382632553577,0.008215411566197872,0.008529438637197018,0.008843465708196163,0.009157493710517883]},"_runtime":63}