{"gradients":{"bins":[-0.3465949594974518,-0.3357638716697693,-0.3249328136444092,-0.3141017258167267,-0.3032706379890442,-0.2924395799636841,-0.2816084921360016,-0.2707774043083191,-0.259946346282959,-0.2491152584552765,-0.238284170627594,-0.2274530977010727,-0.2166220247745514,-0.2057909369468689,-0.1949598640203476,-0.1841287761926651,-0.1732977032661438,-0.1624666303396225,-0.15163554251194,-0.1408044695854187,-0.1299733817577362,-0.1191423088312149,-0.1083112359046936,-0.09748014807701111,-0.086649090051651,-0.0758180022239685,-0.06498691439628601,-0.054155826568603516,-0.04332476854324341,-0.03249368071556091,-0.021662592887878418,-0.01083153486251831,-4.470348358154297e-07,0.01083064079284668,0.021661698818206787,0.03249278664588928,0.04332387447357178,0.054154932498931885,0.06498602032661438,0.07581710815429688,0.08664819598197937,0.09747925400733948,0.10831034183502197,0.11914142966270447,0.12997248768806458,0.14080357551574707,0.15163466334342957,0.16246572136878967,0.17329677939414978,0.18412789702415466,0.19495895504951477,0.20579007267951965,0.21662113070487976,0.22745218873023987,0.23828330636024475,0.24911436438560486,0.25994542241096497,0.27077654004096985,0.28160759806632996,0.29243865609169006,0.30326977372169495,0.31410083174705505,0.32493188977241516,0.33576300740242004,0.34659409523010254],"_type":"histogram","values":[1,0,0,0,0,1,0,0,1,0,0,1,0,0,0,0,0,0,1,1,0,0,0,0,0,1,0,2,3,13,69,23264,70469,97,22,7,2,0,1,0,0,0,0,0,1,0,1,0,0,0,0,0,1,0,0,1,0,0,1,0,0,0,0,1]},"Epoch":9,"_runtime":62,"_timestamp":1.7680442403256845e+09,"loss":0.02956933155655861,"roc":{"_type":"image-file","sha256":"352e95e0bf8d6979a8d5077623b98d5239b9e9940b3ef8a2d8335b921847bae4","size":24616,"path":"media/images/roc_200_352e95e0bf8d6979a8d5.png","format":"png","width":640,"height":480},"_step":200,"_wandb":{"runtime":62},"train_accuracy":0.96875}