{"_runtime":54,"_timestamp":1.7680479244026773e+09,"_wandb":{"runtime":54},"train_accuracy":1,"roc":{"format":"png","width":640,"height":480,"_type":"image-file","sha256":"cff7b3d06f23b1ea26a55597cc27bfdcc84bc592e8563d1d136034fb7ceed99a","size":24984,"path":"media/images/roc_200_cff7b3d06f23b1ea26a5.png"},"loss":0.014715293422341347,"gradients":{"bins":[-0.15014109015464783,-0.1455116719007492,-0.1408822387456894,-0.13625282049179077,-0.13162338733673096,-0.12699396908283234,-0.12236454337835312,-0.1177351176738739,-0.11310569196939468,-0.10847626626491547,-0.10384684056043625,-0.09921741485595703,-0.09458799660205841,-0.0899585634469986,-0.08532914519309998,-0.08069971948862076,-0.07607029378414154,-0.07144086807966232,-0.0668114423751831,-0.06218201667070389,-0.05755259096622467,-0.05292317271232605,-0.04829374700784683,-0.043664321303367615,-0.0390348955988884,-0.03440546989440918,-0.029776044189929962,-0.025146618485450745,-0.020517200231552124,-0.01588776707649231,-0.011258348822593689,-0.0066289156675338745,-0.001999497413635254,0.0026299208402633667,0.007259353995323181,0.011888772249221802,0.016518205404281616,0.021147623658180237,0.02577705681324005,0.030406475067138672,0.035035908222198486,0.03966532647609711,0.04429474472999573,0.04892417788505554,0.05355359613895416,0.05818302929401398,0.0628124475479126,0.06744188070297241,0.07207129895687103,0.07670071721076965,0.08133015036582947,0.08595956861972809,0.0905890017747879,0.09521842002868652,0.09984785318374634,0.10447728633880615,0.10910668969154358,0.1137361228466034,0.11836555600166321,0.12299495935440063,0.12762439250946045,0.13225382566452026,0.13688325881958008,0.1415126621723175,0.14614209532737732],"_type":"histogram","values":[1,0,0,0,0,0,0,0,0,0,0,0,0,0,0,0,0,0,1,2,0,0,0,1,0,4,3,5,6,25,64,934,92557,283,32,13,9,7,5,5,0,1,0,0,1,1,1,0,0,0,0,0,0,0,0,0,0,0,0,0,0,0,0,1]},"_step":200,"Epoch":9}