{"loss":0.03454459086060524,"_wandb":{"runtime":74},"_timestamp":1.768040393560022e+09,"Epoch":9,"gradients":{"values":[1,0,0,0,0,0,1,0,0,0,0,1,0,0,0,1,0,0,0,0,1,2,4,7,6,4,8,20,34,68,174,3827,89107,474,135,44,22,6,3,3,1,2,2,0,0,0,0,0,1,0,0,0,1,0,0,0,0,0,1,0,0,0,0,1],"bins":[-0.29936861991882324,-0.2900417149066925,-0.2807147800922394,-0.27138787508010864,-0.2620609402656555,-0.2527340352535248,-0.24340711534023285,-0.23408019542694092,-0.224753275513649,-0.21542635560035706,-0.20609943568706512,-0.1967725157737732,-0.18744561076164246,-0.17811867594718933,-0.1687917709350586,-0.15946485102176666,-0.15013793110847473,-0.1408110111951828,-0.13148409128189087,-0.12215717136859894,-0.112830251455307,-0.10350334644317627,-0.09417642652988434,-0.08484950661659241,-0.07552258670330048,-0.06619566679000854,-0.056868746876716614,-0.04754182696342468,-0.038214921951293945,-0.02888798713684082,-0.019561082124710083,-0.010234147310256958,-0.0009072422981262207,0.008419662714004517,0.01774659752845764,0.02707350254058838,0.036400437355041504,0.04572734236717224,0.055054277181625366,0.0643811821937561,0.07370811700820923,0.08303502202033997,0.0923619270324707,0.10168886184692383,0.11101576685905457,0.12034270167350769,0.12966960668563843,0.13899654150009155,0.1483234465122223,0.15765035152435303,0.16697728633880615,0.1763041913509369,0.18563112616539001,0.19495803117752075,0.20428496599197388,0.213611900806427,0.22293877601623535,0.23226571083068848,0.2415926456451416,0.25091952085494995,0.2602464556694031,0.2695733904838562,0.2789003252983093,0.2882272005081177,0.2975541651248932],"_type":"histogram"},"train_accuracy":0.96875,"roc":{"width":640,"height":480,"_type":"image-file","sha256":"020a14f9153e2a6aa86306db87492371c07ebec317d2f64c600c1b69afeda1cb","size":24594,"path":"media/images/roc_200_020a14f9153e2a6aa863.png","format":"png"},"_step":200,"_runtime":74}