{"Epoch":9,"gradients":{"values":[1,0,0,0,0,0,0,0,1,0,0,0,0,0,0,1,1,0,2,0,0,0,0,1,1,2,1,1,3,1,0,2,3,2,3,7,10,20,32,47,77,134,309,635,2361,87141,2327,491,159,82,31,26,10,7,8,0,4,3,3,5,3,0,2,2],"bins":[-0.012330703437328339,-0.012060591019690037,-0.011790478602051735,-0.011520365253090858,-0.011250252835452557,-0.010980140417814255,-0.010710027068853378,-0.010439914651215076,-0.010169802233576775,-0.009899689815938473,-0.009629577398300171,-0.009359464049339294,-0.009089351631700993,-0.00881923921406269,-0.008549125865101814,-0.008279013447463512,-0.00800890102982521,-0.007738788612186909,-0.0074686757288873196,-0.00719856284558773,-0.0069284504279494286,-0.006658338010311127,-0.0063882251270115376,-0.006118112243711948,-0.0058479998260736465,-0.005577887408435345,-0.0053077745251357555,-0.005037661641836166,-0.0047675492241978645,-0.004497436806559563,-0.004227323457598686,-0.003957211039960384,-0.0036870986223220825,-0.0034169862046837807,-0.003146873787045479,-0.0028767604380846024,-0.0026066480204463005,-0.0023365356028079987,-0.002066422253847122,-0.0017963098362088203,-0.0015261974185705185,-0.0012560850009322166,-0.0009859725832939148,-0.0007158592343330383,-0.0004457468166947365,-0.00017563439905643463,9.447894990444183e-05,0.0003645913675427437,0.0006347037851810455,0.0009048162028193474,0.0011749286204576492,0.0014450419694185257,0.0017151543870568275,0.0019852668046951294,0.002255380153656006,0.0025254925712943077,0.0027956049889326096,0.0030657174065709114,0.0033358298242092133,0.0036059431731700897,0.003876056522130966,0.004146168008446693,0.00441628135740757,0.004686392843723297,0.004956505727022886],"_type":"histogram"},"train_accuracy":1,"roc":{"format":"png","width":640,"height":480,"_type":"image-file","sha256":"2968b9679c716c6f76eb186f89e78f829f59f6a08a1010a0ce84cfb7c4131f2d","size":24715,"path":"media/images/roc_200_2968b9679c716c6f76eb.png"},"_wandb":{"runtime":68},"loss":0.0030037311371415854,"_runtime":68,"_timestamp":1.7680402109276054e+09,"_step":200}