{"roc":{"height":480,"_type":"image-file","sha256":"06112c69cfd367f1c0ba0e3eee0dfa21bb7aae653c8a7c4242df903ee5ddcf17","size":24526,"path":"media/images/roc_200_06112c69cfd367f1c0ba.png","format":"png","width":640},"_runtime":64,"_timestamp":1.768047656867542e+09,"_step":200,"loss":0.01913313753902912,"_wandb":{"runtime":64},"gradients":{"bins":[-0.22964295744895935,-0.22349263727664948,-0.2173423171043396,-0.21119199693202972,-0.20504167675971985,-0.19889137148857117,-0.1927410513162613,-0.18659073114395142,-0.18044041097164154,-0.17429009079933167,-0.1681397706270218,-0.16198945045471191,-0.15583914518356323,-0.14968881011009216,-0.14353850483894348,-0.1373881846666336,-0.13123786449432373,-0.12508754432201385,-0.11893722414970398,-0.1127869114279747,-0.10663659125566483,-0.10048627853393555,-0.09433595836162567,-0.0881856381893158,-0.08203531801700592,-0.07588499784469604,-0.06973467767238617,-0.0635843575000763,-0.05743405222892761,-0.05128373205661774,-0.04513341188430786,-0.038983091711997986,-0.03283277153968811,-0.026682451367378235,-0.02053213119506836,-0.014381811022758484,-0.008231490850448608,-0.0020811855792999268,0.004069134593009949,0.010219454765319824,0.0163697749376297,0.022520095109939575,0.028670400381088257,0.034820735454559326,0.04097104072570801,0.04712137579917908,0.05327168107032776,0.05942201614379883,0.06557232141494751,0.07172262668609619,0.07787296175956726,0.08402326703071594,0.09017360210418701,0.0963239073753357,0.10247424244880676,0.10862454771995544,0.11477485299110413,0.1209251880645752,0.12707549333572388,0.13322582840919495,0.13937613368034363,0.1455264687538147,0.15167677402496338,0.15782710909843445,0.16397741436958313],"_type":"histogram","values":[1,0,0,0,0,0,0,0,0,0,0,0,0,1,1,1,1,0,0,0,0,0,0,1,0,1,1,0,2,3,10,17,27,57,108,267,1917,90156,983,199,95,48,24,22,7,3,1,3,0,0,0,0,2,1,1,0,0,0,0,0,0,0,0,1]},"Epoch":9,"train_accuracy":1}