{"roc":{"format":"png","width":640,"height":480,"_type":"image-file","sha256":"54cb6f16f1bdd6b6fab578a35ce2d04102b39b4869bd7ac03500e91380c3eb8b","size":24583,"path":"media/images/roc_200_54cb6f16f1bdd6b6fab5.png"},"_step":200,"loss":0.004078441299498081,"Epoch":9,"gradients":{"_type":"histogram","values":[2,0,0,0,1,0,0,0,0,0,1,0,0,0,0,0,0,0,0,1,0,1,1,0,1,2,1,1,2,1,2,3,4,11,29,47,119,334,1117,88900,2897,300,90,27,16,18,7,3,4,2,3,0,1,2,3,1,1,1,1,1,1,1,0,1],"bins":[-0.030582401901483536,-0.029813898727297783,-0.02904539741575718,-0.028276894241571426,-0.027508391067385674,-0.02673988789319992,-0.025971386581659317,-0.025202883407473564,-0.02443438023328781,-0.023665878921747208,-0.022897375747561455,-0.022128872573375702,-0.0213603712618351,-0.020591868087649345,-0.019823364913463593,-0.01905486360192299,-0.018286360427737236,-0.017517857253551483,-0.01674935594201088,-0.015980852767825127,-0.015212349593639374,-0.01444384828209877,-0.013675345107913017,-0.012906841933727264,-0.01213834062218666,-0.011369837448000908,-0.010601334273815155,-0.009832831099629402,-0.009064329788088799,-0.008295826613903046,-0.007527323439717293,-0.006758822128176689,-0.005990318953990936,-0.005221815779805183,-0.00445331446826458,-0.003684811294078827,-0.002916308119893074,-0.0021478068083524704,-0.0013793036341667175,-0.0006108004599809647,0.0001577027142047882,0.0009262040257453918,0.0016947053372859955,0.0024632103741168976,0.0032317116856575012,0.004000212997198105,0.004768718034029007,0.005537219345569611,0.006305720657110214,0.007074225693941116,0.00784272700548172,0.008611232042312622,0.009379733353853226,0.01014823466539383,0.010916739702224731,0.011685241013765335,0.012453742325305939,0.01322224736213684,0.013990748673677444,0.014759249985218048,0.01552775502204895,0.016296256333589554,0.017064757645130157,0.01783326268196106,0.018601762130856514]},"_wandb":{"runtime":54},"train_accuracy":1,"_runtime":54,"_timestamp":1.768046246495285e+09}