{"_wandb":{"runtime":57},"loss":0.115092433989048,"_step":200,"Epoch":9,"gradients":{"_type":"histogram","values":[1,0,0,2,0,1,0,0,0,1,2,3,0,1,0,0,0,0,3,2,0,0,2,1,2,3,7,18,27,88,171,445,1263,86691,4016,704,236,109,62,38,21,8,5,6,6,3,0,2,0,2,2,0,0,1,2,2,0,2,0,0,0,0,0,1],"bins":[-0.3856132924556732,-0.3742024898529053,-0.36279168725013733,-0.3513808846473694,-0.33997005224227905,-0.3285592496395111,-0.31714844703674316,-0.3057376444339752,-0.2943268418312073,-0.28291603922843933,-0.2715052366256714,-0.26009440422058105,-0.2486836165189743,-0.23727281391620636,-0.22586199641227722,-0.21445119380950928,-0.20304039120674133,-0.1916295886039734,-0.18021878600120544,-0.1688079684972763,-0.15739716589450836,-0.14598636329174042,-0.13457554578781128,-0.12316474318504333,-0.11175394058227539,-0.10034313797950745,-0.0889323353767395,-0.07752153277397156,-0.06611070036888123,-0.05469989776611328,-0.04328909516334534,-0.03187829256057739,-0.020467489957809448,-0.009056687355041504,0.0023541152477264404,0.013764917850494385,0.02517572045326233,0.03658655285835266,0.047997355461120605,0.05940815806388855,0.0708189606666565,0.08222976326942444,0.09364056587219238,0.10505136847496033,0.11646220088005066,0.12787297368049622,0.13928380608558655,0.1506945788860321,0.16210541129112244,0.17351624369621277,0.18492701649665833,0.19633784890174866,0.2077486217021942,0.21915945410728455,0.2305702269077301,0.24198105931282043,0.25339189171791077,0.2648026645183563,0.27621349692344666,0.2876242697238922,0.29903510212898254,0.3104458749294281,0.32185670733451843,0.333267480134964,0.34467828273773193]},"_timestamp":1.7678790693416412e+09,"train_accuracy":0.9375,"_runtime":57,"roc":{"sha256":"c8f2426689735187244d22026174fdbdd9e9ddc4a6c998fd877978ba5ec0bf3f","size":24670,"path":"media/images/roc_200_c8f2426689735187244d.png","format":"png","width":640,"height":480,"_type":"image-file"}}