{"_runtime":53,"train_accuracy":1,"loss":0.009441262111067772,"_step":200,"gradients":{"bins":[-0.08084622025489807,-0.07853802293539047,-0.07622982561588287,-0.07392163574695587,-0.07161343842744827,-0.06930524110794067,-0.06699705123901367,-0.06468885391950607,-0.062380656599998474,-0.060072459280490875,-0.057764265686273575,-0.055456072092056274,-0.053147874772548676,-0.05083967745304108,-0.048531483858823776,-0.046223290264606476,-0.04391509294509888,-0.04160689562559128,-0.03929870203137398,-0.03699050843715668,-0.03468231111764908,-0.03237411379814148,-0.03006592020392418,-0.02775772660970688,-0.02544952929019928,-0.02314133197069168,-0.02083313837647438,-0.01852494478225708,-0.01621674746274948,-0.013908550143241882,-0.01160036027431488,-0.009292162954807281,-0.006983965635299683,-0.004675768315792084,-0.002367570996284485,-5.938112735748291e-05,0.002248816192150116,0.004557013511657715,0.006865203380584717,0.009173400700092316,0.011481598019599915,0.013789795339107513,0.016097992658615112,0.018406182527542114,0.020714379847049713,0.023022577166557312,0.025330767035484314,0.027638964354991913,0.02994716167449951,0.03225535899400711,0.03456355631351471,0.03687174618244171,0.03917994350194931,0.04148814082145691,0.04379633069038391,0.04610453546047211,0.04841272532939911,0.05072091519832611,0.05302911996841431,0.05533730983734131,0.05764549970626831,0.059953704476356506,0.06226189434528351,0.0645700991153717,0.0668782964348793],"_type":"histogram","values":[1,0,0,0,0,0,0,0,0,0,0,0,0,1,1,0,1,1,1,0,0,1,1,0,1,2,1,2,5,17,19,49,177,548,11105,81427,372,137,40,23,10,7,2,2,0,1,1,0,1,2,0,0,2,0,0,0,0,0,0,0,0,0,0,1]},"_wandb":{"runtime":53},"roc":{"format":"png","width":640,"height":480,"_type":"image-file","sha256":"7c7749b090187e7375bed2810be657a924c0ac56b1f2bf8d27fb0f2b3be680e3","size":24784,"path":"media/images/roc_200_7c7749b090187e7375be.png"},"_timestamp":1.7680450312908258e+09,"Epoch":9}