{"_step":200,"loss":0.026098990812897682,"_runtime":74,"_timestamp":1.7680400647541559e+09,"gradients":{"values":[1,0,0,1,0,0,0,0,1,0,0,0,1,0,0,1,0,1,1,0,1,0,1,1,1,1,3,1,1,1,4,2,2,4,5,10,17,31,64,154,357,1335,86312,4430,728,254,108,52,27,13,10,2,4,1,3,0,2,3,2,2,3,0,1,2],"bins":[-0.15031331777572632,-0.14680330455303192,-0.14329330623149872,-0.13978329300880432,-0.13627327978610992,-0.13276328146457672,-0.12925326824188232,-0.12574325501918793,-0.12223325669765472,-0.11872324347496033,-0.11521323770284653,-0.11170323193073273,-0.10819321870803833,-0.10468321293592453,-0.10117320716381073,-0.09766319394111633,-0.09415318816900253,-0.09064318239688873,-0.08713316917419434,-0.08362316340208054,-0.08011315762996674,-0.07660314440727234,-0.07309313863515854,-0.06958313286304474,-0.06607311964035034,-0.06256311386823654,-0.05905310809612274,-0.05554310232400894,-0.052033089101314545,-0.048523083329200745,-0.045013077557086945,-0.04150306433439255,-0.03799305856227875,-0.03448305279016495,-0.03097303956747055,-0.02746303379535675,-0.023953020572662354,-0.02044302225112915,-0.016933009028434753,-0.013422995805740356,-0.009912997484207153,-0.006402984261512756,-0.0028929710388183594,0.0006170272827148438,0.004127040505409241,0.007637053728103638,0.01114705204963684,0.014657065272331238,0.018167078495025635,0.021677076816558838,0.025187090039253235,0.028697088360786438,0.032207101583480835,0.03571711480617523,0.039227113127708435,0.04273712635040283,0.04624713957309723,0.04975713789463043,0.05326715111732483,0.056777164340019226,0.06028716266155243,0.06379717588424683,0.06730718910694122,0.07081718742847443,0.07432719320058823],"_type":"histogram"},"train_accuracy":1,"roc":{"width":640,"height":480,"_type":"image-file","sha256":"388a507f304bcac5dc587835dad3d1c4d8f507de2620a60164d0448cf13e1ba9","size":24583,"path":"media/images/roc_200_388a507f304bcac5dc58.png","format":"png"},"_wandb":{"runtime":74},"Epoch":9}