{"roc":{"_type":"image-file","sha256":"a3b22eb2f8673b7a7d9f3a2ea2d0286355dc4f1c64880fb07cd97054c5172dff","size":24757,"path":"media/images/roc_200_a3b22eb2f8673b7a7d9f.png","format":"png","width":640,"height":480},"_timestamp":1.7680424876567311e+09,"_step":200,"Epoch":9,"loss":0.005543375387787819,"train_accuracy":1,"_runtime":70,"_wandb":{"runtime":70},"gradients":{"bins":[-0.02900153584778309,-0.02811836265027523,-0.027235187590122223,-0.026352014392614365,-0.025468841195106506,-0.024585667997598648,-0.02370249293744564,-0.022819319739937782,-0.021936146542429924,-0.021052971482276917,-0.020169798284769058,-0.0192866250872612,-0.01840345188975334,-0.017520278692245483,-0.016637103632092476,-0.015753930434584618,-0.014870756305754185,-0.013987582176923752,-0.013104408979415894,-0.012221235781908035,-0.011338060721755028,-0.01045488752424717,-0.009571714326739311,-0.008688541129231453,-0.0078053660690784454,-0.006922192871570587,-0.006039019674062729,-0.005155844613909721,-0.004272671416401863,-0.003389498218894005,-0.0025063250213861465,-0.001623149961233139,-0.0007399767637252808,0.00014319643378257751,0.001026371493935585,0.0019095446914434433,0.0027927178889513016,0.00367589108645916,0.004559064283967018,0.005442237481474876,0.006325414404273033,0.007208587601780891,0.00809176079928875,0.008974933996796608,0.009858107194304466,0.010741280391812325,0.011624453589320183,0.01250763051211834,0.013390803709626198,0.014273976907134056,0.015157150104641914,0.016040323302149773,0.01692349649965763,0.01780666969716549,0.018689846619963646,0.019573019817471504,0.020456193014979362,0.02133936621248722,0.02222253940999508,0.023105712607502937,0.023988885805010796,0.024872062727808952,0.02575523592531681,0.02663840912282467,0.027521582320332527],"_type":"histogram","values":[1,0,0,0,0,1,0,0,0,0,0,0,0,1,0,0,1,1,1,2,0,2,2,6,7,11,21,39,53,135,236,944,88097,4115,235,21,6,7,4,0,2,4,0,1,1,0,1,2,0,0,1,0,0,0,0,0,0,0,0,0,0,0,0,1]}}