{"roc":{"size":24261,"path":"media/images/roc_200_c5f08301f6b23dda125f.png","format":"png","width":640,"height":480,"_type":"image-file","sha256":"c5f08301f6b23dda125fdef8b65f022817db35ea1bba85e04b2c83a118618a88"},"_wandb":{"runtime":74},"_runtime":74,"loss":0.0016623882111161947,"gradients":{"bins":[-0.007900046184659004,-0.007655894383788109,-0.0074117425829172134,-0.007167590782046318,-0.006923438981175423,-0.006679287180304527,-0.006435134913772345,-0.006190983112901449,-0.005946831312030554,-0.005702679511159658,-0.005458527710288763,-0.00521437544375658,-0.004970223642885685,-0.00472607184201479,-0.004481920041143894,-0.004237768240272999,-0.003993616439402103,-0.003749464638531208,-0.0035053128376603127,-0.0032611610367894173,-0.003017009235918522,-0.002772856969386339,-0.002528705168515444,-0.0022845533676445484,-0.002040401566773653,-0.0017962497659027576,-0.0015520979650318623,-0.0013079461641609669,-0.0010637938976287842,-0.0008196420967578888,-0.0005754902958869934,-0.000331338495016098,-8.718669414520264e-05,0.00015696510672569275,0.00040111690759658813,0.0006452687084674835,0.0008894205093383789,0.0011335723102092743,0.0013777241110801697,0.001621875911951065,0.0018660277128219604,0.0021101804450154305,0.002354332245886326,0.0025984840467572212,0.0028426358476281166,0.003086787648499012,0.0033309394493699074,0.0035750912502408028,0.003819243051111698,0.0040633948519825935,0.004307546652853489,0.004551698453724384,0.00479585025459528,0.005040002055466175,0.0052841538563370705,0.005528305657207966,0.005772458389401436,0.006016610190272331,0.006260761991143227,0.006504913792014122,0.006749065592885017,0.006993217393755913,0.007237369194626808,0.0074815209954977036,0.007725673262029886],"_type":"histogram","values":[1,0,1,0,0,1,0,2,1,1,1,0,2,1,4,0,2,0,2,0,3,4,6,7,9,10,31,47,126,286,840,4652,85676,1496,371,152,66,63,29,22,13,8,4,4,9,1,1,0,1,1,0,0,0,1,0,0,1,0,1,0,0,1,0,1]},"_timestamp":1.768041074699425e+09,"train_accuracy":1,"_step":200,"Epoch":9}