{"loss":0.004763053264468908,"train_accuracy":1,"_timestamp":1.768048195901337e+09,"roc":{"path":"media/images/roc_200_9a2ab1530b1b31c6141c.png","format":"png","width":640,"height":480,"_type":"image-file","sha256":"9a2ab1530b1b31c6141ca625897f71d372f35c009c56b38123a2494dfac75e78","size":24534},"_runtime":58,"gradients":{"bins":[-0.052490875124931335,-0.05084969103336334,-0.04920850694179535,-0.047567322850227356,-0.04592613875865936,-0.04428495466709137,-0.042643770575523376,-0.04100258648395538,-0.03936140239238739,-0.0377202183008194,-0.036079034209251404,-0.03443785011768341,-0.03279666602611542,-0.031155481934547424,-0.02951429784297943,-0.027873113751411438,-0.026231929659843445,-0.02459074556827545,-0.02294956147670746,-0.021308377385139465,-0.019667193293571472,-0.01802600920200348,-0.016384825110435486,-0.014743641018867493,-0.0131024569272995,-0.011461272835731506,-0.009820088744163513,-0.00817890465259552,-0.006537720561027527,-0.004896536469459534,-0.0032553523778915405,-0.0016141682863235474,2.70158052444458e-05,0.001668199896812439,0.003309383988380432,0.004950568079948425,0.0065917521715164185,0.008232936263084412,0.009874120354652405,0.011515304446220398,0.013156488537788391,0.014797672629356384,0.016438856720924377,0.01808004081249237,0.019721224904060364,0.021362408995628357,0.02300359308719635,0.024644777178764343,0.026285961270332336,0.02792714536190033,0.029568329453468323,0.031209513545036316,0.03285069763660431,0.0344918817281723,0.036133065819740295,0.03777424991130829,0.03941543400287628,0.041056618094444275,0.04269780218601227,0.04433898627758026,0.045980170369148254,0.04762135446071625,0.04926253855228424,0.050903722643852234,0.052544910460710526],"_type":"histogram","values":[1,0,0,0,0,0,0,1,2,2,1,0,2,0,0,1,0,1,1,2,1,0,4,4,4,14,12,33,71,165,592,83949,8603,344,63,36,21,9,3,4,5,0,0,1,0,0,0,0,1,0,0,2,0,1,2,2,0,1,0,0,0,0,0,1]},"_step":200,"_wandb":{"runtime":58},"Epoch":9}