{"loss":0.03615978732705116,"Epoch":9,"_runtime":59,"_wandb":{"runtime":59},"gradients":{"bins":[-0.2542572319507599,-0.24844634532928467,-0.24263544380664825,-0.23682455718517303,-0.23101365566253662,-0.2252027690410614,-0.21939188241958618,-0.21358098089694977,-0.20777009427547455,-0.20195919275283813,-0.19614830613136292,-0.1903374195098877,-0.18452651798725128,-0.17871561646461487,-0.17290472984313965,-0.16709384322166443,-0.1612829566001892,-0.1554720550775528,-0.14966115355491638,-0.14385026693344116,-0.13803938031196594,-0.13222849369049072,-0.1264175921678543,-0.12060670554637909,-0.11479580402374268,-0.10898491740226746,-0.10317401587963104,-0.09736312925815582,-0.0915522426366806,-0.08574134111404419,-0.07993045449256897,-0.07411955296993256,-0.06830866634845734,-0.06249777972698212,-0.0566868782043457,-0.05087599158287048,-0.04506509006023407,-0.03925420343875885,-0.03344331681728363,-0.027632415294647217,-0.021821528673171997,-0.016010627150535583,-0.010199740529060364,-0.004388853907585144,0.0014220476150512695,0.007232934236526489,0.013043820858001709,0.018854737281799316,0.024665623903274536,0.030476510524749756,0.036287397146224976,0.042098283767700195,0.0479092001914978,0.05372008681297302,0.05953097343444824,0.06534186005592346,0.07115274667739868,0.07696366310119629,0.08277454972267151,0.08858543634414673,0.09439632296562195,0.10020720958709717,0.10601812601089478,0.11182901263237,0.11763990670442581],"_type":"histogram","values":[1,0,0,0,0,0,0,0,0,0,0,0,0,0,1,0,0,1,0,1,0,0,0,0,0,0,0,0,0,3,1,1,1,3,1,4,13,17,32,63,87,247,1000,89428,2448,396,111,51,24,7,8,5,1,1,0,2,1,0,1,0,0,0,0,1]},"roc":{"sha256":"7ccfce8dd5039460456edaa4ada1fd8b94887c93c613fb8990687f832bdfbb25","size":24762,"path":"media/images/roc_200_7ccfce8dd5039460456e.png","format":"png","width":640,"height":480,"_type":"image-file"},"_timestamp":1.7680485264021137e+09,"train_accuracy":1,"_step":200}