{"roc":{"height":480,"_type":"image-file","sha256":"f6c80c1ec7577fc08c409cee0a8a1ea3c0de8519493a3beba79b582497cdda0d","size":24457,"path":"media/images/roc_200_f6c80c1ec7577fc08c40.png","format":"png","width":640},"_wandb":{"runtime":61},"gradients":{"values":[1,0,0,0,1,0,1,0,0,2,3,1,0,0,1,3,2,1,3,2,3,2,5,2,6,12,29,27,60,128,279,745,3122,87051,1699,403,159,85,45,23,16,10,8,7,2,2,1,2,1,0,0,0,1,1,0,2,0,1,0,1,0,0,0,1],"bins":[-0.023646801710128784,-0.02294137328863144,-0.022235943004488945,-0.0215305145829916,-0.020825084298849106,-0.02011965587735176,-0.019414227455854416,-0.01870879717171192,-0.018003366887569427,-0.017297938466072083,-0.016592510044574738,-0.015887079760432243,-0.015181651338934898,-0.014476221986114979,-0.01377079263329506,-0.01306536328047514,-0.01235993392765522,-0.0116545045748353,-0.01094907522201538,-0.010243645869195461,-0.009538216516375542,-0.008832788094878197,-0.008127358742058277,-0.0074219293892383575,-0.006716500967741013,-0.006011070683598518,-0.005305642262101173,-0.004600211977958679,-0.0038947835564613342,-0.00318935327231884,-0.002483924850821495,-0.0017784945666790009,-0.0010730661451816559,-0.0003676377236843109,0.0003377925604581833,0.0010432209819555283,0.0017486512660980225,0.0024540796875953674,0.0031595099717378616,0.0038649383932352066,0.004570368677377701,0.005275797098875046,0.005981225520372391,0.006686655804514885,0.00739208422601223,0.008097514510154724,0.008802942931652069,0.009508371353149414,0.010213799774646759,0.010919231921434402,0.011624660342931747,0.012330088764429092,0.013035517185926437,0.01374094933271408,0.014446377754211426,0.01515180617570877,0.015857234597206116,0.01656266301870346,0.017268095165491104,0.01797352358698845,0.018678952008485794,0.01938438042998314,0.020089812576770782,0.020795240998268127,0.021500667557120323],"_type":"histogram"},"_runtime":61,"_step":200,"loss":0.006706506945192814,"_timestamp":1.7680484546825032e+09,"Epoch":9,"train_accuracy":1}