{"Epoch":9,"_runtime":55,"train_accuracy":0.96875,"roc":{"_type":"image-file","sha256":"78c57d1946f318d4bdc75f952a9223139526b1709dd5e8baf44e5e7d3b5b84b8","size":24530,"path":"media/images/roc_200_78c57d1946f318d4bdc7.png","format":"png","width":640,"height":480},"_step":200,"_wandb":{"runtime":55},"loss":0.03073243424296379,"_timestamp":1.7680443058453348e+09,"gradients":{"values":[1,0,0,0,0,0,0,0,0,0,0,0,1,1,0,0,0,1,0,2,0,0,0,1,2,3,9,7,23,66,125,404,90281,2707,194,61,38,13,5,5,3,3,0,0,0,1,1,1,0,0,0,0,2,0,0,0,0,0,0,0,0,0,0,1],"bins":[-0.22963492572307587,-0.22265678644180298,-0.2156786322593689,-0.208700492978096,-0.20172235369682312,-0.19474419951438904,-0.18776606023311615,-0.18078792095184326,-0.17380976676940918,-0.1668316125869751,-0.1598534733057022,-0.15287533402442932,-0.14589717984199524,-0.13891904056072235,-0.13194090127944946,-0.12496275454759598,-0.11798460781574249,-0.11100646108388901,-0.10402831435203552,-0.09705017507076263,-0.09007202088832855,-0.08309388160705566,-0.07611574232578278,-0.0691375881433487,-0.062159448862075806,-0.05518130958080292,-0.048203155398368835,-0.04122501611709595,-0.03424687683582306,-0.027268722653388977,-0.02029058337211609,-0.013312429189682007,-0.006334289908409119,0.0006438493728637695,0.0076220035552978516,0.01460014283657074,0.021578297019004822,0.028556421399116516,0.0355345755815506,0.04251272976398468,0.04949088394641876,0.05646900832653046,0.06344716250896454,0.07042531669139862,0.07740344107151031,0.0843815952539444,0.09135974943637848,0.09833787381649017,0.10531602799892426,0.11229418218135834,0.11927230656147003,0.1262504607439041,0.1332286149263382,0.1402067393064499,0.14718489348888397,0.15416304767131805,0.16114117205142975,0.16811932623386383,0.1750974804162979,0.182075634598732,0.1890537589788437,0.19603191316127777,0.20301006734371185,0.20998819172382355,0.21696634590625763],"_type":"histogram"}}