{"train_accuracy":1,"gradients":{"bins":[-0.09572641551494598,-0.09299245476722717,-0.09025849401950836,-0.08752453327178955,-0.08479057252407074,-0.08205660432577133,-0.07932264357805252,-0.07658868283033371,-0.0738547220826149,-0.07112076133489609,-0.06838680058717728,-0.06565283238887787,-0.06291887164115906,-0.060184914618730545,-0.057450950145721436,-0.054716989398002625,-0.051983028650283813,-0.049249067902565,-0.04651510715484619,-0.04378114268183708,-0.04104718193411827,-0.03831322118639946,-0.03557925671339035,-0.03284529596567154,-0.03011133521795273,-0.027377374470233917,-0.024643413722515106,-0.021909452974796295,-0.019175484776496887,-0.016441524028778076,-0.013707563281059265,-0.010973602533340454,-0.008239641785621643,-0.005505681037902832,-0.002771720290184021,-3.775954246520996e-05,0.002696201205253601,0.005430169403553009,0.00816413015127182,0.010898090898990631,0.013632051646709442,0.016366012394428253,0.019099973142147064,0.021833933889865875,0.024567902088165283,0.027301862835884094,0.030035823583602905,0.032769784331321716,0.03550374507904053,0.03823770582675934,0.04097166657447815,0.04370562732219696,0.04643958806991577,0.04917354881763458,0.051907509565353394,0.054641470313072205,0.05737544596195221,0.06010940670967102,0.06284336745738983,0.06557732820510864,0.06831128895282745,0.07104524970054626,0.07377921044826508,0.07651317119598389,0.0792471244931221],"_type":"histogram","values":[1,0,0,0,0,0,0,0,0,0,0,0,0,1,0,1,1,2,0,1,1,1,0,0,2,1,2,3,14,29,49,111,228,601,11703,80190,735,180,55,20,8,7,2,2,2,0,2,1,0,2,1,1,1,0,0,0,0,0,0,0,0,0,0,1]},"_step":200,"roc":{"format":"png","width":640,"height":480,"_type":"image-file","sha256":"f818a15ebd1504e1e623c82d0d09b1570ab3c2ed96df1ab35e5c35353f2f458d","size":24535,"path":"media/images/roc_200_f818a15ebd1504e1e623.png"},"loss":0.009555760771036148,"_timestamp":1.768041921391373e+09,"_wandb":{"runtime":77},"_runtime":77,"Epoch":9}