{"_wandb":{"runtime":64},"_runtime":64,"train_accuracy":1,"_timestamp":1.7680439777023575e+09,"loss":0.013081732206046581,"gradients":{"bins":[-0.11810991168022156,-0.11456479132175446,-0.11101967841386795,-0.10747455805540085,-0.10392944514751434,-0.10038432478904724,-0.09683920443058014,-0.09329409152269363,-0.08974897861480713,-0.08620385825634003,-0.08265873789787292,-0.07911362498998642,-0.07556850463151932,-0.07202339172363281,-0.06847827136516571,-0.06493315100669861,-0.0613880380988121,-0.0578429214656353,-0.054297804832458496,-0.050752684473991394,-0.04720757156610489,-0.04366245120763779,-0.04011733829975128,-0.03657221794128418,-0.03302709758281708,-0.029481984674930573,-0.02593686431646347,-0.022391751408576965,-0.018846631050109863,-0.015301518142223358,-0.011756397783756256,-0.008211284875869751,-0.004666164517402649,-0.0011210441589355469,0.0024240687489509583,0.00596918910741806,0.009514302015304565,0.013059422373771667,0.01660454273223877,0.020149648189544678,0.02369476854801178,0.027239888906478882,0.030785009264945984,0.034330129623413086,0.037875235080718994,0.041420355439186096,0.0449654757976532,0.0485105961561203,0.0520557165145874,0.05560082197189331,0.05914594233036041,0.06269106268882751,0.06623618304729462,0.06978128850460052,0.07332640886306763,0.07687152922153473,0.08041664958000183,0.08396176993846893,0.08750687539577484,0.09105199575424194,0.09459711611270905,0.09814223647117615,0.10168734192848206,0.10523246228694916,0.10877759009599686],"_type":"histogram","values":[1,0,0,0,1,0,0,0,0,0,0,0,1,0,1,0,1,0,0,0,1,1,1,1,0,2,4,10,18,39,69,90,1100,92279,263,55,10,4,0,2,0,0,0,0,2,1,0,0,1,0,0,1,0,1,0,0,0,0,0,0,1,0,0,1]},"roc":{"sha256":"7cf474ea025423481147dd11e50a8afcaeeb153798b9d943065b0fc64c5bb8ff","size":24882,"path":"media/images/roc_200_7cf474ea025423481147.png","format":"png","width":640,"height":480,"_type":"image-file"},"Epoch":9,"_step":200}