{"loss":0.005133175756782293,"_timestamp":1.7680443687456138e+09,"_step":200,"roc":{"format":"png","width":640,"height":480,"_type":"image-file","sha256":"b82e5198533d036fe4b449fae5542f93da1ae022793152c3dbcce0d141636d4e","size":24545,"path":"media/images/roc_200_b82e5198533d036fe4b4.png"},"train_accuracy":1,"_runtime":55,"_wandb":{"runtime":55},"gradients":{"bins":[-0.015523454174399376,-0.01503812987357378,-0.014552805572748184,-0.014067480340600014,-0.013582156039774418,-0.013096831738948822,-0.012611507438123226,-0.01212618313729763,-0.011640858836472034,-0.011155534535646439,-0.010670209303498268,-0.010184885933995247,-0.009699560701847076,-0.00921423640102148,-0.008728912100195885,-0.008243586868047714,-0.007758263032883406,-0.0072729382663965225,-0.006787613965570927,-0.006302289664745331,-0.005816965363919735,-0.005331641063094139,-0.004846316762268543,-0.004360991530120373,-0.003875667229294777,-0.003390342928469181,-0.002905018627643585,-0.0024196943268179893,-0.0019343700259923935,-0.001449044793844223,-0.0009637204930186272,-0.0004783961921930313,6.928108632564545e-06,0.0004922524094581604,0.0009775776416063309,0.0014629010111093521,0.0019482262432575226,0.002433549612760544,0.0029188748449087143,0.0034042000770568848,0.003889523446559906,0.0043748486787080765,0.004860172048211098,0.005345497280359268,0.005830820649862289,0.00631614588201046,0.00680147111415863,0.007286794483661652,0.007772119715809822,0.008257443085312843,0.008742768317461014,0.009228091686964035,0.009713416919112206,0.010198742151260376,0.010684065520763397,0.011169390752911568,0.011654714122414589,0.01214003935456276,0.01262536458671093,0.013110687956213951,0.013596013188362122,0.014081336557865143,0.014566661790013313,0.015051985159516335,0.015537310391664505],"_type":"histogram","values":[1,1,0,2,0,0,0,2,0,3,0,1,1,0,2,6,3,1,0,3,9,6,12,26,28,47,67,129,299,614,1687,81208,8349,957,262,84,56,25,28,11,8,5,0,3,3,1,0,1,2,0,0,1,0,2,0,1,0,1,0,1,1,0,0,2]},"Epoch":9}