{"_runtime":64,"Epoch":9,"batch_size":32,"loss":0.021721122786402702,"epochs":10,"_timestamp":1.7678778307583947e+09,"learning_rate":0.001,"_step":100,"_wandb":{"runtime":64}}