{"gradients":{"bins":[-0.04296349361538887,-0.04164151847362518,-0.0403195396065712,-0.03899756446480751,-0.03767558932304382,-0.03635361045598984,-0.03503163531422615,-0.03370966017246246,-0.03238768130540848,-0.03106570430099964,-0.029743727296590805,-0.028421752154827118,-0.02709977515041828,-0.025777798146009445,-0.024455823004245758,-0.02313384599983692,-0.021811868995428085,-0.02048989199101925,-0.019167914986610413,-0.017845939844846725,-0.01652396284043789,-0.015201985836029053,-0.013880010694265366,-0.01255803368985653,-0.011236056685447693,-0.009914081543684006,-0.00859210267663002,-0.007270127534866333,-0.005948152393102646,-0.00462617352604866,-0.003304198384284973,-0.0019822195172309875,-0.0006602443754673004,0.0006617307662963867,0.0019837096333503723,0.0033056847751140594,0.004627663642168045,0.005949638783931732,0.007271613925695419,0.008593592792749405,0.009915567934513092,0.01123754307627678,0.012559521943330765,0.013881497085094452,0.015203472226858139,0.016525451093912125,0.017847426235675812,0.019169405102729797,0.020491380244493484,0.02181335911154747,0.02313533052802086,0.024457309395074844,0.02577928826212883,0.02710125967860222,0.028423238545656204,0.02974521741271019,0.03106718882918358,0.032389167696237564,0.03371114656329155,0.035033125430345535,0.036355096846818924,0.03767707571387291,0.038999054580926895,0.040321025997400284,0.04164300486445427],"_type":"histogram","values":[2,0,0,0,0,0,1,0,0,1,0,0,0,0,0,3,0,0,0,2,0,0,3,2,2,3,8,19,37,86,261,1631,90498,1138,189,36,13,4,3,2,3,4,1,1,1,1,0,0,2,0,1,0,0,0,1,0,0,0,1,0,0,0,0,2]},"roc":{"sha256":"9d14324a701f2fb1c86d32d9c1ade9edfe96d16dcb0b282f081f1f101f0b2e0f","size":24348,"path":"media/images/roc_200_9d14324a701f2fb1c86d.png","format":"png","width":640,"height":480,"_type":"image-file"},"_wandb":{"runtime":75},"Epoch":9,"train_accuracy":1,"_timestamp":1.7680399083479326e+09,"_runtime":75,"loss":0.006093556061387062,"_step":200}