{"_wandb":{"runtime":69},"loss":0.00250226235948503,"_runtime":69,"Epoch":9,"_timestamp":1.7680434235569644e+09,"train_accuracy":1,"gradients":{"_type":"histogram","values":[1,0,0,0,0,0,1,0,0,0,0,1,0,0,3,2,0,2,3,0,4,3,1,4,1,5,8,11,29,52,161,839,6619,84912,893,250,84,24,14,7,5,3,4,0,3,1,3,0,2,4,0,0,0,1,0,1,0,0,0,0,0,0,0,1],"bins":[-0.016454340890049934,-0.01595827378332615,-0.015462204813957214,-0.014966137707233429,-0.014470069669187069,-0.013974001631140709,-0.013477934524416924,-0.012981866486370564,-0.012485798448324203,-0.011989730410277843,-0.011493662372231483,-0.010997595265507698,-0.010501527227461338,-0.010005459189414978,-0.009509392082691193,-0.009013324044644833,-0.008517256006598473,-0.008021187968552113,-0.0075251199305057526,-0.007029052823781967,-0.006532984785735607,-0.006036916747689247,-0.005540849640965462,-0.005044781602919102,-0.004548713564872742,-0.004052645526826382,-0.0035565774887800217,-0.0030605103820562363,-0.0025644423440098763,-0.0020683743059635162,-0.0015723071992397308,-0.0010762391611933708,-0.0005801711231470108,-8.41040164232254e-05,0.00041196495294570923,0.0009080320596694946,0.0014041010290384293,0.0019001681357622147,0.002396235242486,0.0028923042118549347,0.00338837131857872,0.0038844384253025055,0.00438050739467144,0.0048765745013952255,0.005372641608119011,0.0058687105774879456,0.006364777684211731,0.006860846653580666,0.007356913760304451,0.007852980867028236,0.008349049836397171,0.008845116943120956,0.009341185912489891,0.009837253019213676,0.010333320125937462,0.010829389095306396,0.011325456202030182,0.011821523308753967,0.012317592278122902,0.012813659384846687,0.013309726491570473,0.013805795460939407,0.014301862567663193,0.014797931537032127,0.015293996781110764]},"roc":{"height":480,"_type":"image-file","sha256":"862e028285277411364397633339b3a3b0179bf8c304c34796f4209391baa54d","size":24708,"path":"media/images/roc_200_862e0282852774113643.png","format":"png","width":640},"_step":200}