{"roc":{"format":"png","width":640,"height":480,"_type":"image-file","sha256":"09b63c45d13cccbbed6e499aa4a4c42ba16aeaa85a2c7f0add0978bf84615ec9","size":24702,"path":"media/images/roc_200_09b63c45d13cccbbed6e.png"},"_runtime":70,"Epoch":9,"_wandb":{"runtime":70},"train_accuracy":1,"_step":200,"gradients":{"_type":"histogram","values":[1,0,0,0,0,0,0,0,0,0,0,0,0,0,0,0,0,1,0,1,0,0,2,1,0,0,3,2,1,4,8,9,26,39,69,154,358,2599,89747,669,159,52,21,13,6,0,3,4,1,3,2,1,1,0,1,0,0,0,0,0,0,0,0,1],"bins":[-0.026911906898021698,-0.026209838688373566,-0.025507770478725433,-0.0248057022690773,-0.02410363405942917,-0.023401563987135887,-0.022699495777487755,-0.021997427567839622,-0.02129535935819149,-0.020593291148543358,-0.019891222938895226,-0.019189152866601944,-0.01848708465695381,-0.01778501644730568,-0.017082948237657547,-0.016380880028009415,-0.015678811818361282,-0.01497674360871315,-0.014274675399065018,-0.01357260625809431,-0.012870538048446178,-0.012168469838798046,-0.01146640069782734,-0.010764332488179207,-0.010062264278531075,-0.009360196068882942,-0.00865812785923481,-0.007956059649586678,-0.007253989577293396,-0.006551921367645264,-0.005849853157997131,-0.005147784948348999,-0.004445716738700867,-0.0037436485290527344,-0.003041580319404602,-0.0023395121097564697,-0.0016374439001083374,-0.0009353738278150558,-0.00023330561816692352,0.0004687625914812088,0.0011708308011293411,0.0018728990107774734,0.0025749672204256058,0.003277035430073738,0.00397910550236702,0.004681173712015152,0.005383241921663284,0.006085310131311417,0.006787378340959549,0.007489446550607681,0.008191514760255814,0.008893582969903946,0.009595651179552078,0.01029771938920021,0.010999787598848343,0.011701855808496475,0.012403927743434906,0.013105995953083038,0.01380806416273117,0.014510132372379303,0.015212200582027435,0.015914268791675568,0.0166163370013237,0.017318405210971832,0.018020475283265114]},"_timestamp":1.7680414954771037e+09,"loss":0.0032259540166705847}