{"Epoch":9,"_wandb":{"runtime":70},"train_accuracy":1,"gradients":{"values":[1,0,0,0,0,0,0,0,0,0,0,0,0,0,0,0,0,2,0,1,4,0,2,3,2,3,5,5,9,13,18,37,46,83,183,542,3156,87929,1639,183,36,13,15,7,3,2,5,2,3,2,2,1,1,1,1,1,0,0,0,0,0,0,0,1],"bins":[-0.013285846449434757,-0.012932068668305874,-0.01257829088717699,-0.012224513106048107,-0.011870735324919224,-0.01151695754379034,-0.011163178831338882,-0.010809401050209999,-0.010455623269081116,-0.010101845487952232,-0.009748067706823349,-0.009394289925694466,-0.009040512144565582,-0.008686734363436699,-0.008332956582307816,-0.007979178801178932,-0.007625401020050049,-0.0072716232389211655,-0.006917845457792282,-0.006564067676663399,-0.006210289895534515,-0.005856511648744345,-0.005502733867615461,-0.005148956552147865,-0.004795177839696407,-0.004441400058567524,-0.004087622277438641,-0.0037338444963097572,-0.003380066715180874,-0.0030262889340519905,-0.002672511152923107,-0.002318733371794224,-0.0019649555906653404,-0.001611177809536457,-0.0012574000284075737,-0.0009036222472786903,-0.000549844466149807,-0.00019606668502092361,0.00015771109610795975,0.0005114888772368431,0.0008652666583657265,0.0012190453708171844,0.0015728231519460678,0.0019266009330749512,0.0022803787142038345,0.0026341555640101433,0.0029879333451390266,0.00334171112626791,0.0036954907700419426,0.004049268551170826,0.004403046332299709,0.004756824113428593,0.005110601894557476,0.005464379675686359,0.005818157456815243,0.006171935237944126,0.0065257130190730095,0.006879490800201893,0.007233268581330776,0.00758704636245966,0.007940824143588543,0.008294601924717426,0.00864837970584631,0.009002157486975193,0.009355936199426651],"_type":"histogram"},"roc":{"width":640,"height":480,"_type":"image-file","sha256":"8e589c3a64a3ca57b0a2f81d40e3380d825026a65fa4c89e9452a41406d54b48","size":24680,"path":"media/images/roc_200_8e589c3a64a3ca57b0a2.png","format":"png"},"_timestamp":1.768039819208256e+09,"_runtime":70,"loss":0.0032669391948729753,"_step":200}