{"loss":0.004510459955781698,"_timestamp":1.768048317782807e+09,"roc":{"height":480,"_type":"image-file","sha256":"8e157d56530935893661bc452e4abff78341768b7a8bd6482fc750d8e02b4635","size":24566,"path":"media/images/roc_200_8e157d56530935893661.png","format":"png","width":640},"_step":200,"train_accuracy":1,"_wandb":{"runtime":60},"gradients":{"bins":[-0.016456281766295433,-0.015753649175167084,-0.01505101565271616,-0.014348382130265236,-0.013645749539136887,-0.012943116016685963,-0.012240482494235039,-0.01153784990310669,-0.010835216380655766,-0.010132582858204842,-0.009429950267076492,-0.008727316744625568,-0.008024683222174644,-0.007322050631046295,-0.006619417108595371,-0.005916784517467022,-0.005214150995016098,-0.004511517472565174,-0.003808884881436825,-0.003106251358985901,-0.0024036187678575516,-0.0017009852454066277,-0.0009983517229557037,-0.00029571913182735443,0.0004069153219461441,0.0011095479130744934,0.0018121805042028427,0.002514813095331192,0.0032174475491046906,0.00392008014023304,0.004622712731361389,0.005325347185134888,0.006027979776263237,0.006730612367391586,0.007433246821165085,0.008135879412293434,0.008838512003421783,0.009541146457195282,0.010243779048323631,0.01094641163945198,0.01164904423058033,0.012351678684353828,0.013054311275482178,0.013756943866610527,0.014459578320384026,0.015162212774157524,0.015864843502640724,0.016567477956414223,0.01727011241018772,0.01797274313867092,0.01867537759244442,0.01937800832092762,0.02008064277470112,0.020783277228474617,0.021485907956957817,0.022188542410731316,0.022891176864504814,0.023593807592988014,0.024296442046761513,0.02499907650053501,0.02570170722901821,0.02640434168279171,0.02710697613656521,0.02780960686504841,0.028512241318821907],"_type":"histogram","values":[1,2,0,0,1,2,2,1,1,1,2,2,6,4,9,12,17,26,44,77,168,479,2895,88751,1118,203,64,19,19,12,3,3,2,2,2,1,1,2,3,0,2,0,0,0,0,1,0,0,0,1,0,0,0,0,0,0,0,0,0,0,0,0,0,1]},"_runtime":60,"Epoch":9}