{"roc":{"sha256":"f2b856724075a56a0bd1ea411fceb178c42c482b1aa1bf9c3c8ac73221bd1df6","size":24597,"path":"media/images/roc_200_f2b856724075a56a0bd1.png","format":"png","width":640,"height":480,"_type":"image-file"},"loss":0.008466465398669243,"gradients":{"values":[1,0,0,0,0,0,0,0,0,0,0,0,1,0,0,0,0,1,0,0,0,0,0,1,2,0,1,1,1,1,1,0,2,6,4,7,7,9,24,28,43,85,175,747,4591,86250,1384,335,107,52,36,20,9,6,7,2,9,1,2,1,0,1,0,1],"bins":[-0.03554180637001991,-0.03475897014141083,-0.033976130187511444,-0.03319329395890236,-0.032410457730293274,-0.03162761777639389,-0.030844781547784805,-0.03006194345653057,-0.029279105365276337,-0.02849626913666725,-0.027713431045413017,-0.026930592954158783,-0.026147756725549698,-0.025364918634295464,-0.02458208054304123,-0.023799244314432144,-0.02301640622317791,-0.022233568131923676,-0.02145073190331459,-0.020667893812060356,-0.019885055720806122,-0.019102219492197037,-0.018319381400942802,-0.017536543309688568,-0.016753707081079483,-0.01597086898982525,-0.015188030898571014,-0.01440519280731678,-0.013622356578707695,-0.01283951848745346,-0.012056680396199226,-0.011273844167590141,-0.010491006076335907,-0.009708167985081673,-0.008925331756472588,-0.008142493665218353,-0.007359655573964119,-0.006576819345355034,-0.0057939812541007996,-0.005011143162846565,-0.004228305071592331,-0.003445468842983246,-0.0026626326143741608,-0.0018797926604747772,-0.0010969564318656921,-0.00031412020325660706,0.0004687197506427765,0.0012515559792518616,0.0020343922078609467,0.00281723216176033,0.0036000683903694153,0.004382908344268799,0.005165744572877884,0.005948580801486969,0.0067314207553863525,0.007514256983995438,0.008297093212604523,0.009079933166503906,0.009862769395112991,0.010645605623722076,0.01142844557762146,0.012211281806230545,0.01299411803483963,0.013776957988739014,0.014559796079993248],"_type":"histogram"},"_wandb":{"runtime":50},"_step":200,"train_accuracy":1,"_timestamp":1.7680401288924243e+09,"Epoch":9,"_runtime":50}