{"_step":200,"loss":0.006822628900408745,"_timestamp":1.7680465892763362e+09,"roc":{"format":"png","width":640,"height":480,"_type":"image-file","sha256":"d1399599a9dc75e5c2a56e082c465babec4f6275fa115d2557c6f0e47e5b74fc","size":25008,"path":"media/images/roc_200_d1399599a9dc75e5c2a5.png"},"_wandb":{"runtime":62},"Epoch":9,"_runtime":62,"gradients":{"bins":[-0.07570508122444153,-0.07339322566986084,-0.07108137011528015,-0.06876950711011887,-0.06645765155553818,-0.06414579600095749,-0.0618339367210865,-0.059522077441215515,-0.05721022188663483,-0.05489836633205414,-0.05258650705218315,-0.050274647772312164,-0.047962792217731476,-0.04565093666315079,-0.0433390773832798,-0.041027218103408813,-0.038715362548828125,-0.036403506994247437,-0.03409164771437645,-0.03177978843450546,-0.029467932879924774,-0.027156077325344086,-0.0248442180454731,-0.022532358765602112,-0.020220503211021423,-0.017908647656440735,-0.015596788376569748,-0.013284929096698761,-0.010973073542118073,-0.008661217987537384,-0.006349354982376099,-0.00403749942779541,-0.0017256438732147217,0.0005862116813659668,0.0028980672359466553,0.005209930241107941,0.007521785795688629,0.009833641350269318,0.012145504355430603,0.014457359910011292,0.01676921546459198,0.01908107101917267,0.021392926573753357,0.023704789578914642,0.02601664513349533,0.02832850068807602,0.030640363693237305,0.03295221924781799,0.03526407480239868,0.03757593035697937,0.03988778591156006,0.042199648916721344,0.04451150447130203,0.04682336002588272,0.049135223031044006,0.051447078585624695,0.05375893414020538,0.05607078969478607,0.05838264524936676,0.06069450080394745,0.06300637125968933,0.06531822681427002,0.06763008236885071,0.0699419379234314,0.07225379347801208],"_type":"histogram","values":[1,0,0,0,0,0,0,0,0,1,1,0,0,2,0,0,1,0,0,0,1,0,2,4,1,7,9,17,42,74,154,783,90184,2266,242,82,52,13,7,5,0,2,0,1,1,0,1,0,1,0,0,2,0,0,1,1,0,0,0,0,0,0,0,1]},"train_accuracy":1}