{"_step":200,"Epoch":9,"gradients":{"bins":[-0.09949151426553726,-0.0970521792769432,-0.09461285173892975,-0.0921735167503357,-0.08973418176174164,-0.08729485422372818,-0.08485551923513412,-0.08241619169712067,-0.07997685670852661,-0.07753752171993256,-0.0750981867313385,-0.07265885919332504,-0.07021952420473099,-0.06778019666671753,-0.06534086167812347,-0.06290152668952942,-0.06046219542622566,-0.058022864162921906,-0.05558352917432785,-0.053144197911024094,-0.05070486664772034,-0.04826553165912628,-0.045826200395822525,-0.04338686913251877,-0.04094753414392471,-0.038508202880620956,-0.0360688716173172,-0.033629536628723145,-0.031190209090709686,-0.02875087410211563,-0.026311539113521576,-0.023872211575508118,-0.021432876586914062,-0.018993541598320007,-0.01655421406030655,-0.014114879071712494,-0.011675544083118439,-0.00923621654510498,-0.006796881556510925,-0.00435754656791687,-0.0019182190299034119,0.0005211159586906433,0.0029604509472846985,0.005399778485298157,0.007839113473892212,0.010278448462486267,0.012717776000499725,0.01515711098909378,0.017596445977687836,0.020035773515701294,0.02247510850429535,0.024914436042308807,0.027353771030902863,0.029793106019496918,0.03223244100809097,0.03467177599668503,0.03711109608411789,0.039550431072711945,0.041989766061306,0.044429101049900055,0.04686843603849411,0.049307771027088165,0.05174709111452103,0.05418642610311508,0.05662575736641884],"_type":"histogram","values":[1,0,0,0,0,0,0,0,0,1,0,0,0,0,0,0,0,0,0,0,0,1,1,1,2,3,5,4,11,13,16,27,31,45,48,73,94,150,376,981,88567,2680,597,142,57,13,7,4,4,3,1,0,1,0,0,0,0,0,1,0,0,0,0,1]},"roc":{"format":"png","width":640,"height":480,"_type":"image-file","sha256":"266360c317cfa112763f84c0038b0b2f4b9c99c25d0e376e3868895a2f82b40d","size":24546,"path":"media/images/roc_200_266360c317cfa112763f.png"},"_wandb":{"runtime":69},"loss":0.019350441172719002,"_runtime":69,"train_accuracy":1,"_timestamp":1.7680423350363333e+09}