{"_timestamp":1.7680461795286765e+09,"Epoch":9,"_wandb":{"runtime":55},"loss":0.04121064022183418,"_runtime":55,"gradients":{"values":[1,0,0,0,0,0,0,0,0,0,0,0,0,0,0,0,0,0,1,1,0,0,0,0,1,0,1,0,3,1,1,7,6,8,6,28,97,223,2853,90239,321,86,42,19,9,1,1,1,2,0,0,0,1,1,0,0,0,0,0,0,0,0,0,1],"bins":[-0.23656509816646576,-0.2305273860692978,-0.22448968887329102,-0.21845197677612305,-0.21241426467895508,-0.2063765525817871,-0.20033885538578033,-0.19430114328861237,-0.1882634460926056,-0.18222573399543762,-0.17618802189826965,-0.17015030980110168,-0.1641126126050949,-0.15807490050792694,-0.15203720331192017,-0.1459994912147522,-0.13996177911758423,-0.13392406702041626,-0.1278863549232483,-0.12184865772724152,-0.11581094563007355,-0.10977324843406677,-0.1037355363368988,-0.09769782423973083,-0.09166012704372406,-0.08562241494655609,-0.07958470284938812,-0.07354699075222015,-0.06750929355621338,-0.06147158145904541,-0.05543386936187744,-0.049396172165870667,-0.0433584600687027,-0.03732074797153473,-0.031283050775527954,-0.025245338678359985,-0.019207626581192017,-0.013169929385185242,-0.007132217288017273,-0.0010945051908493042,0.0049432069063186646,0.01098090410232544,0.017018601298332214,0.023056313395500183,0.029094025492668152,0.03513173758983612,0.04116944968700409,0.04720716178417206,0.05324484407901764,0.05928255617618561,0.06532026827335358,0.07135798037052155,0.07739569246768951,0.08343340456485748,0.08947111666202545,0.09550879895687103,0.101546511054039,0.10758422315120697,0.11362193524837494,0.11965964734554291,0.12569735944271088,0.13173504173755646,0.13777275383472443,0.1438104659318924,0.14984817802906036],"_type":"histogram"},"roc":{"path":"media/images/roc_200_47e609820b45c384b627.png","format":"png","width":640,"height":480,"_type":"image-file","sha256":"47e609820b45c384b627e1bb87b7e0d32ac0f14c1418b8d11957ce2067635aa0","size":24442},"train_accuracy":1,"_step":200}