{"_timestamp":1.7680479925470202e+09,"gradients":{"_type":"histogram","values":[1,1,0,0,0,1,0,0,0,0,0,0,0,0,0,1,1,1,0,1,0,0,1,0,3,1,5,10,40,105,299,8241,84882,248,65,28,10,4,1,4,0,1,0,0,1,0,0,0,2,1,0,0,0,0,0,0,0,0,1,0,0,0,1,1],"bins":[-0.19366395473480225,-0.18762072920799255,-0.18157748878002167,-0.17553426325321198,-0.16949103772640228,-0.1634477972984314,-0.1574045717716217,-0.151361346244812,-0.14531810581684113,-0.13927488029003143,-0.13323163986206055,-0.12718841433525085,-0.12114518880844116,-0.11510195583105087,-0.10905872285366058,-0.10301549732685089,-0.0969722643494606,-0.09092903137207031,-0.08488580584526062,-0.07884257286787033,-0.07279933989048004,-0.06675611436367035,-0.06071287393569946,-0.05466964840888977,-0.04862642288208008,-0.04258318245410919,-0.0365399569272995,-0.030496731400489807,-0.02445349097251892,-0.01841026544570923,-0.012367039918899536,-0.00632379949092865,-0.0002805739641189575,0.005762651562690735,0.011805891990661621,0.017849117517471313,0.023892343044281006,0.029935583472251892,0.035978808999061584,0.04202203452587128,0.04806527495384216,0.054108500480651855,0.06015172600746155,0.06619495153427124,0.07223820686340332,0.07828143239021301,0.0843246579170227,0.0903678834438324,0.09641110897064209,0.10245433449745178,0.10849758982658386,0.11454081535339355,0.12058404088020325,0.12662726640701294,0.13267049193382263,0.13871371746063232,0.1447569727897644,0.1508001983165741,0.1568434238433838,0.16288664937019348,0.16892987489700317,0.17497310042381287,0.18101635575294495,0.18705958127975464,0.19310280680656433]},"roc":{"sha256":"447639eb6d0803b26be6f0b9285d363b8e57ef32e024066e0441f2f4eee4439f","size":24638,"path":"media/images/roc_200_447639eb6d0803b26be6.png","format":"png","width":640,"height":480,"_type":"image-file"},"_runtime":59,"train_accuracy":1,"loss":0.021959993988275528,"_wandb":{"runtime":59},"_step":200,"Epoch":9}