{"loss":0.008366584777832031,"_timestamp":1.7680446279100301e+09,"_wandb":{"runtime":63},"train_accuracy":1,"gradients":{"values":[1,0,0,0,0,0,1,1,1,0,2,1,1,1,1,2,0,0,1,0,0,0,1,0,4,8,14,22,41,105,320,6246,86908,216,24,12,6,4,3,2,0,0,0,0,0,1,0,0,3,0,1,1,2,1,1,1,0,1,0,0,0,0,0,1],"bins":[-0.052138447761535645,-0.05051330849528313,-0.04888816550374031,-0.04726302623748779,-0.04563788324594498,-0.04401274397969246,-0.04238760471343994,-0.040762461721897125,-0.03913732245564461,-0.03751217946410179,-0.035887040197849274,-0.03426189720630646,-0.03263675794005394,-0.031011616811156273,-0.029386477544903755,-0.027761336416006088,-0.02613619528710842,-0.024511054158210754,-0.022885913029313087,-0.02126077376306057,-0.019635632634162903,-0.018010489642620087,-0.01638535037636757,-0.014760211110115051,-0.013135068118572235,-0.011509928852319717,-0.009884785860776901,-0.008259646594524384,-0.006634507328271866,-0.00500936433672905,-0.003384225070476532,-0.0017590820789337158,-0.00013394281268119812,0.0014911964535713196,0.0031163394451141357,0.0047414787113666534,0.00636662170290947,0.007991760969161987,0.009616900235414505,0.011242039501667023,0.012867182493209839,0.014492325484752655,0.01611746847629547,0.01774260401725769,0.019367747008800507,0.020992890000343323,0.022618025541305542,0.024243168532848358,0.025868311524391174,0.027493447065353394,0.02911859005689621,0.030743733048439026,0.03236887603998184,0.03399401158094406,0.03561915457248688,0.037244297564029694,0.03886943310499191,0.04049457609653473,0.042119719088077545,0.043744854629039764,0.04536999762058258,0.0469951406121254,0.04862028360366821,0.05024541914463043,0.05187056213617325],"_type":"histogram"},"roc":{"size":24806,"path":"media/images/roc_200_b275d1d9c9add676a1ba.png","format":"png","width":640,"height":480,"_type":"image-file","sha256":"b275d1d9c9add676a1ba67844fe9cda0cbe9e0eaf330ad52c1262540c24f068d"},"_step":200,"_runtime":63,"Epoch":9}