{"roc":{"path":"media/images/roc_200_ed4fcc05009c93fa7e25.png","format":"png","width":640,"height":480,"_type":"image-file","sha256":"ed4fcc05009c93fa7e25392e670cc55a3ef7095695c35ef07f7ef8b41b8a5922","size":24727},"Epoch":9,"gradients":{"values":[1,0,0,0,1,0,0,0,0,0,1,0,0,0,0,0,1,2,1,0,1,2,0,2,3,3,7,3,6,8,5,10,12,30,37,95,202,665,3311,87999,1115,225,73,45,30,17,9,11,4,5,3,4,3,2,0,0,1,2,0,2,1,1,0,1],"bins":[-0.04227874055504799,-0.0412050299346447,-0.04013131931424141,-0.03905760869383812,-0.03798389807343483,-0.03691018745303154,-0.03583647683262825,-0.03476276993751526,-0.03368905931711197,-0.03261534869670868,-0.03154163807630539,-0.0304679274559021,-0.02939421683549881,-0.02832050621509552,-0.02724679559469223,-0.02617308497428894,-0.02509937435388565,-0.02402566373348236,-0.02295195311307907,-0.02187824249267578,-0.02080453187227249,-0.01973082311451435,-0.01865711249411106,-0.01758340187370777,-0.01650969125330448,-0.015435980632901192,-0.014362270012497902,-0.013288559392094612,-0.012214850634336472,-0.011141140013933182,-0.010067429393529892,-0.008993718773126602,-0.007920008152723312,-0.006846297532320023,-0.005772586911916733,-0.004698876291513443,-0.003625165671110153,-0.0025514550507068634,-0.0014777444303035736,-0.0004040338099002838,0.000669676810503006,0.0017433837056159973,0.002817094326019287,0.003890804946422577,0.004964515566825867,0.0060382261872291565,0.007111936807632446,0.008185647428035736,0.009259358048439026,0.010333068668842316,0.011406779289245605,0.012480489909648895,0.013554200530052185,0.014627911150455475,0.015701621770858765,0.016775332391262054,0.017849039286375046,0.018922749906778336,0.019996460527181625,0.021070171147584915,0.022143881767988205,0.023217592388391495,0.024291303008794785,0.025365013629198074,0.026438720524311066],"_type":"histogram"},"_wandb":{"runtime":70},"_runtime":70,"loss":0.009402697905898094,"train_accuracy":1,"_step":200,"_timestamp":1.768039312454004e+09}