{"Epoch":9,"roc":{"format":"png","width":640,"height":480,"_type":"image-file","sha256":"aed44858191178fd4c0b093533a8d9643dadeff17fa127bda12396bcb5e582b6","size":24671,"path":"media/images/roc_200_aed44858191178fd4c0b.png"},"_step":200,"_timestamp":1.7680461155660338e+09,"_wandb":{"runtime":55},"loss":0.007196287624537945,"train_accuracy":1,"_runtime":55,"gradients":{"values":[1,1,0,0,0,0,0,0,0,0,0,0,0,0,0,1,0,0,0,0,2,1,1,0,1,2,1,3,2,3,6,7,6,7,7,22,35,55,82,173,385,954,3146,87095,1491,290,56,38,24,10,14,4,10,4,4,7,5,3,1,1,0,0,0,1],"bins":[-0.023213645443320274,-0.022679341956973076,-0.022145038470625877,-0.02161073498427868,-0.02107643149793148,-0.020542128011584282,-0.020007824525237083,-0.019473519176244736,-0.018939215689897537,-0.01840491220355034,-0.01787060871720314,-0.017336305230855942,-0.016802001744508743,-0.016267698258161545,-0.015733394771814346,-0.015199091285467148,-0.01466478779911995,-0.01413048431277275,-0.013596180826425552,-0.013061877340078354,-0.012527573853731155,-0.011993269436061382,-0.011458965949714184,-0.010924662463366985,-0.010390358977019787,-0.009856055490672588,-0.00932175200432539,-0.008787448517978191,-0.008253144100308418,-0.00771884061396122,-0.007184537127614021,-0.006650233641266823,-0.006115930154919624,-0.005581626668572426,-0.005047323182225227,-0.004513019695878029,-0.00397871620953083,-0.003444412723183632,-0.0029101092368364334,-0.002375805750489235,-0.0018415022641420364,-0.0013071969151496887,-0.0007728934288024902,-0.00023858994245529175,0.00029571354389190674,0.0008300170302391052,0.0013643205165863037,0.0018986240029335022,0.0024329274892807007,0.002967230975627899,0.0035015344619750977,0.004035837948322296,0.004570141434669495,0.005104444921016693,0.005638748407363892,0.00617305189371109,0.006707357242703438,0.007241660729050636,0.007775964215397835,0.008310267701745033,0.008844571188092232,0.00937887467443943,0.009913178160786629,0.010447481647133827,0.010981786996126175],"_type":"histogram"}}