{"_timestamp":1.7680403056670794e+09,"roc":{"_type":"image-file","sha256":"8ac70643815659e2bf8da9ff2fe90a9c9688637b5b54e237df820e0e4f81bf0f","size":24799,"path":"media/images/roc_200_8ac70643815659e2bf8d.png","format":"png","width":640,"height":480},"_wandb":{"runtime":80},"Epoch":9,"train_accuracy":1,"_step":200,"gradients":{"_type":"histogram","values":[2,1,0,2,0,3,1,0,0,0,3,0,2,2,0,2,0,3,0,2,3,10,10,13,18,28,42,54,80,154,248,458,2014,87966,1949,557,164,64,29,20,14,9,9,3,2,3,4,3,3,1,1,0,0,1,2,0,1,0,0,0,0,1,0,1],"bins":[-0.012301523238420486,-0.01193524431437254,-0.011568965390324593,-0.011202686466276646,-0.010836407542228699,-0.010470128618180752,-0.010103849694132805,-0.009737570770084858,-0.009371291846036911,-0.009005012921988964,-0.008638733997941017,-0.00827245507389307,-0.007906176149845123,-0.007539897225797176,-0.007173618301749229,-0.0068073393777012825,-0.006441060453653336,-0.006074781529605389,-0.005708502605557442,-0.005342223681509495,-0.004975944757461548,-0.004609665833413601,-0.004243386909365654,-0.003877107985317707,-0.00351082906126976,-0.003144550137221813,-0.0027782712131738663,-0.0024119922891259193,-0.0020457133650779724,-0.0016794344410300255,-0.0013131555169820786,-0.0009468765929341316,-0.0005805976688861847,-0.00021431874483823776,0.00015196017920970917,0.0005182391032576561,0.000884518027305603,0.00125079695135355,0.0016170758754014969,0.001983354799449444,0.0023496337234973907,0.0027159126475453377,0.0030821915715932846,0.003448471426963806,0.0038147494196891785,0.004181027412414551,0.004547307267785072,0.004913587123155594,0.005279865115880966,0.0056461431086063385,0.00601242296397686,0.006378702819347382,0.006744980812072754,0.007111258804798126,0.007477538660168648,0.00784381851553917,0.008210096508264542,0.008576374500989914,0.008942654356360435,0.009308934211730957,0.00967521220445633,0.010041490197181702,0.010407770052552223,0.010774049907922745,0.011140327900648117]},"_runtime":80,"loss":0.004134487826377153}