{"Epoch":9,"_step":200,"loss":0.004108755849301815,"train_accuracy":1,"_timestamp":1.7680424073958776e+09,"roc":{"format":"png","width":640,"height":480,"_type":"image-file","sha256":"6824e66cced4caa9ec5728f7fe46a34ec8749667b328892dbc43f59593452e67","size":24665,"path":"media/images/roc_200_6824e66cced4caa9ec57.png"},"_wandb":{"runtime":63},"gradients":{"values":[2,0,0,0,0,0,1,0,0,0,1,1,0,0,1,0,0,1,0,2,0,1,0,1,0,3,3,14,29,29,41,138,565,90118,2834,94,27,22,18,5,0,1,0,0,1,0,2,0,1,0,1,0,0,1,1,0,0,0,1,0,0,0,0,2],"bins":[-0.021432770416140556,-0.020800869911909103,-0.0201689712703228,-0.019537070766091347,-0.018905170261859894,-0.01827327162027359,-0.017641371116042137,-0.017009470611810684,-0.01637757197022438,-0.015745673328638077,-0.015113772824406624,-0.014481872320175171,-0.013849972747266293,-0.013218073174357414,-0.012586172670125961,-0.011954273097217083,-0.011322373524308205,-0.010690473951399326,-0.010058574378490448,-0.009426673874258995,-0.008794774301350117,-0.008162874728441238,-0.0075309742242097855,-0.006899074651300907,-0.006267175078392029,-0.005635274574160576,-0.005003375932574272,-0.004371475428342819,-0.0037395749241113663,-0.0031076762825250626,-0.0024757757782936096,-0.001843877136707306,-0.001211976632475853,-0.0005800761282444,5.1822513341903687e-05,0.0006837230175733566,0.0013156216591596603,0.0019475221633911133,0.0025794226676225662,0.00321132130920887,0.003843221813440323,0.004475122317671776,0.0051070209592580795,0.0057389214634895325,0.006370821967720985,0.007002720609307289,0.007634621113538742,0.008266519755125046,0.008898420259356499,0.009530320763587952,0.010162221267819405,0.010794119909405708,0.011426018550992012,0.012057920917868614,0.012689819559454918,0.013321718201041222,0.013953620567917824,0.014585519209504128,0.015217417851090431,0.015849316492676735,0.016481218859553337,0.01711311750113964,0.017745016142725945,0.018376918509602547,0.0190088152885437],"_type":"histogram"},"_runtime":63}