{"gradients":{"bins":[-0.0684405118227005,-0.06633121520280838,-0.06422191113233566,-0.06211261451244354,-0.06000331789255142,-0.057894017547369,-0.055784717202186584,-0.053675420582294464,-0.051566120237112045,-0.049456819891929626,-0.047347523272037506,-0.04523822292685509,-0.04312892258167267,-0.04101962596178055,-0.03891032561659813,-0.03680102899670601,-0.03469172865152359,-0.03258242830634117,-0.03047313168644905,-0.028363831341266632,-0.02625453472137451,-0.024145234376192093,-0.022035934031009674,-0.019926637411117554,-0.017817337065935135,-0.015708036720752716,-0.013598740100860596,-0.011489439755678177,-0.009380139410495758,-0.007270842790603638,-0.005161546170711517,-0.0030522421002388,-0.0009429454803466797,0.0011663511395454407,0.003275655210018158,0.005384951829910278,0.007494248449802399,0.009603552520275116,0.011712849140167236,0.013822145760059357,0.015931442379951477,0.018040746450424194,0.020150043070316315,0.022259339690208435,0.024368643760681152,0.026477940380573273,0.028587237000465393,0.03069654107093811,0.03280583769083023,0.03491513431072235,0.03702443838119507,0.03913373500108719,0.04124303162097931,0.043352335691452026,0.04546163231134415,0.04757092893123627,0.049680233001708984,0.051789529621601105,0.053898826241493225,0.056008122861385345,0.058117419481277466,0.06022672355175018,0.0623360276222229,0.06444531679153442,0.06655462831258774],"_type":"histogram","values":[1,1,0,0,0,0,0,0,0,0,0,1,0,0,0,0,0,0,0,2,1,0,0,0,0,0,1,10,13,38,110,760,92570,376,61,7,3,1,0,0,0,0,0,1,1,1,0,0,0,0,0,0,0,1,0,0,0,0,0,0,0,0,1,1]},"_runtime":53,"_wandb":{"runtime":53},"Epoch":9,"roc":{"size":24545,"path":"media/images/roc_200_a399f90c88d66ed25122.png","format":"png","width":640,"height":480,"_type":"image-file","sha256":"a399f90c88d66ed25122f13eaa63572651d96308c803f9d6d362e076f29e1943"},"_timestamp":1.7680441686599002e+09,"train_accuracy":1,"loss":0.005600392818450928,"_step":200}