{"_step":200,"Epoch":9,"gradients":{"values":[1,1,0,0,0,0,0,0,0,0,0,1,0,0,0,3,0,0,1,1,2,1,3,1,6,7,9,12,26,43,73,218,2054,90098,1097,159,66,28,16,15,4,1,2,3,2,0,0,2,0,2,1,0,0,1,0,0,0,0,0,0,0,0,0,2],"bins":[-0.19956707954406738,-0.19359134137630463,-0.18761560320854187,-0.1816398650407791,-0.17566412687301636,-0.1696883887052536,-0.16371265053749084,-0.1577369123697281,-0.15176117420196533,-0.14578543603420258,-0.13980969786643982,-0.13383394479751587,-0.1278582215309143,-0.12188247591257095,-0.1159067377448082,-0.10993099957704544,-0.10395526140928268,-0.09797952324151993,-0.09200378507375717,-0.08602804690599442,-0.08005230873823166,-0.0740765631198883,-0.06810082495212555,-0.06212508678436279,-0.05614934861660004,-0.05017361044883728,-0.044197872281074524,-0.03822213411331177,-0.03224639594554901,-0.026270657777786255,-0.0202949196100235,-0.014319181442260742,-0.008343443274497986,-0.0023677051067352295,0.003608033061027527,0.009583771228790283,0.01555950939655304,0.021535247564315796,0.027510985732078552,0.03348672389984131,0.039462462067604065,0.04543820023536682,0.05141395330429077,0.057389676570892334,0.06336542963981628,0.06934115290641785,0.0753169059753418,0.08129262924194336,0.08726838231086731,0.09324410557746887,0.09921985864639282,0.10519558191299438,0.11117133498191833,0.1171470582485199,0.12312281131744385,0.1290985345840454,0.13507428765296936,0.14105001091957092,0.14702576398849487,0.15300148725509644,0.15897724032402039,0.16495296359062195,0.1709287166595459,0.17690443992614746,0.1828801929950714],"_type":"histogram"},"_runtime":65,"_timestamp":1.7680417473233976e+09,"loss":0.07635915279388428,"roc":{"size":24356,"path":"media/images/roc_200_ed6be50dff8177cf611b.png","format":"png","width":640,"height":480,"_type":"image-file","sha256":"ed6be50dff8177cf611b2441d465ff9da8c65c87cbb9d2c56b568559b9fe3946"},"_wandb":{"runtime":65},"train_accuracy":0.96875}