{"gradients":{"_type":"histogram","values":[1,0,0,0,0,1,0,0,2,0,0,1,0,0,0,0,0,0,0,0,0,1,1,0,0,0,2,1,1,2,3,5,5,13,20,22,29,50,81,153,280,670,2443,87040,2333,454,189,78,23,13,13,12,1,5,2,1,2,1,1,2,1,2,1,1],"bins":[-0.015445285476744175,-0.015091614797711372,-0.014737943187355995,-0.014384272508323193,-0.014030600897967815,-0.013676930218935013,-0.013323258608579636,-0.012969587929546833,-0.012615916319191456,-0.012262245640158653,-0.011908574029803276,-0.011554903350770473,-0.011201232671737671,-0.010847561061382294,-0.010493889451026917,-0.010140218771994114,-0.009786548092961311,-0.009432876482605934,-0.009079204872250557,-0.008725534193217754,-0.008371863514184952,-0.008018191903829575,-0.007664520759135485,-0.007310849614441395,-0.006957178935408592,-0.006603507325053215,-0.0062498366460204124,-0.005896165035665035,-0.005542494356632233,-0.0051888227462768555,-0.004835152067244053,-0.004481480456888676,-0.004127809777855873,-0.0037741390988230705,-0.0034204674884676933,-0.0030667968094348907,-0.0027131251990795135,-0.002359454520046711,-0.0020057829096913338,-0.0016521122306585312,-0.001298440620303154,-0.0009447699412703514,-0.0005910983309149742,-0.00023742765188217163,0.00011624395847320557,0.00046991463750600815,0.0008235862478613853,0.0011772578582167625,0.0015309276059269905,0.0018845992162823677,0.002238270826637745,0.002591940574347973,0.00294561218470335,0.0032992837950587273,0.0036529554054141045,0.004006625153124332,0.00436029676347971,0.004713968373835087,0.005067639984190464,0.005421309731900692,0.005774981342256069,0.006128652952611446,0.006482324562966824,0.0068359943106770515,0.0071896654553711414]},"roc":{"size":24639,"path":"media/images/roc_200_97c4191a8344925a11b3.png","format":"png","width":640,"height":480,"_type":"image-file","sha256":"97c4191a8344925a11b32578a1f14a83bcd7e98155af763490ce8ee78f1bd039"},"train_accuracy":1,"_wandb":{"runtime":73},"_runtime":73,"_step":200,"_timestamp":1.7680404805296557e+09,"Epoch":9,"loss":0.003388745943084359}