{"train_accuracy":1,"_runtime":67,"roc":{"size":24689,"path":"media/images/roc_200_9f1b2e53ad006503d73e.png","format":"png","width":640,"height":480,"_type":"image-file","sha256":"9f1b2e53ad006503d73ec1bc3ef2ff47ae3c52b29f34430076d2fbc57e950998"},"loss":0.009367665275931358,"gradients":{"_type":"histogram","values":[1,0,0,0,0,0,0,0,0,0,0,1,0,0,0,1,1,1,2,1,0,1,1,1,2,0,6,0,5,4,6,5,4,7,21,21,41,95,214,589,2911,88117,1361,254,104,46,48,23,20,18,8,5,6,2,1,1,2,1,1,0,0,0,0,2],"bins":[-0.04131704568862915,-0.04031885787844658,-0.03932067006826401,-0.038322485983371735,-0.03732429817318916,-0.03632611036300659,-0.03532792627811432,-0.03432973846793175,-0.033331550657749176,-0.032333362847566605,-0.03133517503738403,-0.03033699095249176,-0.02933880314230919,-0.028340615332126617,-0.027342429384589195,-0.026344243437051773,-0.0253460556268692,-0.02434786781668663,-0.023349681869149208,-0.022351495921611786,-0.021353308111429214,-0.020355120301246643,-0.01935693435370922,-0.0183587484061718,-0.017360560595989227,-0.016362372785806656,-0.015364186838269234,-0.014366000890731812,-0.01336781308054924,-0.012369625270366669,-0.011371439322829247,-0.010373253375291824,-0.009375065565109253,-0.008376877754926682,-0.00737868994474411,-0.006380505859851837,-0.005382318049669266,-0.004384130239486694,-0.0033859461545944214,-0.00238775834441185,-0.0013895705342292786,-0.00039138272404670715,0.0006068050861358643,0.0016049891710281372,0.0026031769812107086,0.00360136479139328,0.004599548876285553,0.005597736686468124,0.006595924496650696,0.007594112306833267,0.008592300117015839,0.009590484201908112,0.010588672012090683,0.011586859822273254,0.012585043907165527,0.013583231717348099,0.01458141952753067,0.015579607337713242,0.016577795147895813,0.017575979232788086,0.018574167042970657,0.01957235485315323,0.0205705389380455,0.02156873047351837,0.022566916421055794]},"_timestamp":1.7680389703509111e+09,"_step":200,"Epoch":9,"_wandb":{"runtime":67}}