{"roc":{"height":480,"_type":"image-file","sha256":"956372814f4d01589664b6bec716f2f84a70922937acbd0c147d3645b923f198","size":24864,"path":"media/images/roc_200_956372814f4d01589664.png","format":"png","width":640},"_wandb":{"runtime":61},"_timestamp":1.7680447572561405e+09,"_step":200,"loss":0.014260850846767426,"Epoch":9,"_runtime":61,"train_accuracy":1,"gradients":{"_type":"histogram","values":[1,1,0,0,0,2,0,0,0,0,0,1,0,0,0,0,1,1,0,0,1,0,1,1,7,15,23,38,57,134,492,86067,6819,245,37,7,2,0,0,0,0,1,0,1,0,0,1,0,1,0,0,0,1,0,0,0,0,0,2,0,0,0,0,2],"bins":[-0.09665194153785706,-0.09362861514091492,-0.09060528129339218,-0.08758194744586945,-0.08455862104892731,-0.08153529465198517,-0.07851196080446243,-0.0754886269569397,-0.07246530055999756,-0.06944197416305542,-0.06641864031553268,-0.06339530646800995,-0.06037198007106781,-0.05734864994883537,-0.054325319826602936,-0.0513019897043705,-0.04827865958213806,-0.045255329459905624,-0.04223199933767319,-0.03920866921544075,-0.03618533909320831,-0.033162012696266174,-0.03013867884874344,-0.027115345001220703,-0.024092018604278564,-0.021068692207336426,-0.01804535835981369,-0.015022024512290955,-0.011998698115348816,-0.008975371718406677,-0.005952037870883942,-0.002928704023361206,9.462237358093262e-05,0.0031179487705230713,0.006141282618045807,0.009164616465568542,0.012187942862510681,0.01521126925945282,0.018234603106975555,0.02125793695449829,0.02428126335144043,0.02730458974838257,0.030327916145324707,0.03335125744342804,0.03637458384037018,0.03939791023731232,0.04242125153541565,0.04544457793235779,0.04846790432929993,0.051491230726242065,0.054514557123184204,0.05753789842128754,0.060561224818229675,0.06358455121517181,0.06660789251327515,0.06963121891021729,0.07265454530715942,0.07567787170410156,0.0787011981010437,0.08172453939914703,0.08474786579608917,0.08777119219303131,0.09079453349113464,0.09381785988807678,0.09684117883443832]}}