{"gradients":{"bins":[-0.09054944664239883,-0.08787176012992859,-0.08519406616687775,-0.0825163722038269,-0.07983868569135666,-0.07716099917888641,-0.07448330521583557,-0.07180561125278473,-0.06912792474031448,-0.06645023822784424,-0.0637725442647934,-0.06109485402703285,-0.05841716378927231,-0.055739473551511765,-0.05306178331375122,-0.05038409307599068,-0.04770640283823013,-0.04502871260046959,-0.042351022362709045,-0.0396733321249485,-0.03699564188718796,-0.034317951649427414,-0.03164026141166687,-0.028962571173906326,-0.026284880936145782,-0.02360718697309494,-0.020929500460624695,-0.01825181394815445,-0.015574119985103607,-0.012896426022052765,-0.01021873950958252,-0.007541052997112274,-0.004863359034061432,-0.0021856650710105896,0.0004920214414596558,0.003169707953929901,0.005847401916980743,0.008525095880031586,0.011202782392501831,0.013880468904972076,0.01655816286802292,0.01923585683107376,0.021913543343544006,0.02459122985601425,0.027268923819065094,0.029946617782115936,0.03262430429458618,0.03530199080705643,0.03797968477010727,0.04065737873315811,0.043335072696208954,0.0460127517580986,0.048690445721149445,0.05136813968420029,0.054045818746089935,0.05672351270914078,0.05940120667219162,0.06207890063524246,0.0647565945982933,0.06743427366018295,0.0701119676232338,0.07278966158628464,0.07546734064817429,0.07814503461122513,0.08082272112369537],"_type":"histogram","values":[1,0,0,0,0,1,0,1,0,0,0,0,1,1,0,1,1,2,0,0,0,0,1,3,3,10,9,14,18,22,55,171,855,89009,3346,306,74,19,12,6,9,2,2,0,1,0,0,1,0,0,0,1,0,1,1,0,0,0,0,1,0,0,0,1]},"_runtime":74,"_timestamp":1.7680420067266831e+09,"train_accuracy":1,"_step":200,"Epoch":9,"roc":{"format":"png","width":640,"height":480,"_type":"image-file","sha256":"646e785aba51d60c94b8c39e6238f36a3c80b5e0ab1434305c0b82ddeb213958","size":24640,"path":"media/images/roc_200_646e785aba51d60c94b8.png"},"_wandb":{"runtime":74},"loss":0.02069004997611046}