{"_step":200,"loss":0.006718002259731293,"roc":{"width":640,"height":480,"_type":"image-file","sha256":"0358ed125ed1e6dbc9745f82f4f3f68b63b3a968342b1e8d7080248fa12714dc","size":24651,"path":"media/images/roc_200_0358ed125ed1e6dbc974.png","format":"png"},"_timestamp":1.7680480580669394e+09,"Epoch":9,"gradients":{"_type":"histogram","values":[1,0,0,0,0,0,1,0,0,0,0,1,2,0,0,1,0,0,2,3,0,1,2,1,2,3,6,12,5,15,24,46,134,284,917,8296,83332,648,104,46,21,9,12,4,7,3,2,0,0,5,2,1,0,2,1,1,0,0,0,1,1,0,0,1],"bins":[-0.030888963490724564,-0.03003239631652832,-0.029175831004977226,-0.028319263830780983,-0.02746269851922989,-0.026606131345033646,-0.02574956603348255,-0.02489299885928631,-0.024036433547735214,-0.02317986637353897,-0.022323299199342728,-0.021466733887791634,-0.02061016857624054,-0.019753601402044296,-0.018897034227848053,-0.01804046891629696,-0.017183903604745865,-0.01632733643054962,-0.015470770187675953,-0.014614203944802284,-0.013757636770606041,-0.012901071459054947,-0.012044504284858704,-0.01118793897330761,-0.010331371799111366,-0.009474806487560272,-0.008618239313364029,-0.007761674001812935,-0.006905106827616692,-0.0060485415160655975,-0.005191974341869354,-0.00433540903031826,-0.003478841856122017,-0.0026222746819257736,-0.0017657093703746796,-0.0009091421961784363,-5.2576884627342224e-05,0.0008039884269237518,0.0016605556011199951,0.0025171227753162384,0.0033736899495124817,0.0042302533984184265,0.00508682057261467,0.005943387746810913,0.006799954921007156,0.007656518369913101,0.008513085544109344,0.009369652718305588,0.010226219892501831,0.011082787066698074,0.01193935051560402,0.012795917689800262,0.013652484863996506,0.014509052038192749,0.015365615487098694,0.016222182661294937,0.01707874983549118,0.017935317009687424,0.01879188045859337,0.019648447632789612,0.020505014806985855,0.0213615819811821,0.022218145430088043,0.023074712604284286,0.02393127977848053]},"_runtime":56,"_wandb":{"runtime":56},"train_accuracy":1}