{"loss":0.06043393164873123,"train_accuracy":0.96875,"_step":200,"gradients":{"values":[2,0,0,1,0,0,1,0,0,1,1,0,0,0,1,0,0,2,0,2,1,2,1,0,3,11,38,51,134,352,1186,89192,2138,472,186,75,34,22,25,11,2,2,2,1,1,1,1,0,1,0,0,0,1,0,1,0,0,1,0,0,1,0,1,1],"bins":[-0.44488659501075745,-0.4308236539363861,-0.41676074266433716,-0.4026978015899658,-0.3886348605155945,-0.37457194924354553,-0.3605090081691742,-0.34644609689712524,-0.3323831558227539,-0.31832021474838257,-0.3042573034763336,-0.2901943624019623,-0.27613145112991333,-0.262068510055542,-0.24800556898117065,-0.2339426428079605,-0.21987971663475037,-0.20581679046154022,-0.19175386428833008,-0.17769092321395874,-0.1636280119419098,-0.14956507086753845,-0.13550212979316711,-0.12143921852111816,-0.10737627744674683,-0.09331333637237549,-0.07925042510032654,-0.0651874840259552,-0.05112454295158386,-0.03706163167953491,-0.022998690605163574,-0.008935779333114624,0.005127161741256714,0.019190102815628052,0.033253014087677,0.04731595516204834,0.06137886643409729,0.07544180750846863,0.08950474858283997,0.1035676896572113,0.11763057112693787,0.1316935122013092,0.14575645327568054,0.15981939435005188,0.17388233542442322,0.18794527649879456,0.20200815796852112,0.21607109904289246,0.2301340401172638,0.24419698119163513,0.25825992226600647,0.27232280373573303,0.28638574481010437,0.3004486858844757,0.31451162695884705,0.3285745680332184,0.3426375091075897,0.3567003905773163,0.3707633316516876,0.38482627272605896,0.3988892138004303,0.41295215487480164,0.4270150363445282,0.44107797741889954,0.4551408886909485],"_type":"histogram"},"roc":{"_type":"image-file","sha256":"1d64e26a9136ab52db6becbcdc8f4f2f45449ede7a835c4823b3ba13c8a3b765","size":24747,"path":"media/images/roc_200_1d64e26a9136ab52db6b.png","format":"png","width":640,"height":480},"Epoch":9,"_runtime":57,"_wandb":{"runtime":57},"_timestamp":1.7680478603352675e+09}