{"Epoch":9,"_timestamp":1.7680429644303455e+09,"_wandb":{"runtime":75},"loss":0.024416960775852203,"_runtime":75,"train_accuracy":1,"gradients":{"_type":"histogram","values":[1,0,0,0,0,0,0,0,0,0,0,1,0,0,0,0,0,1,1,0,0,2,1,1,0,3,5,12,64,263,90308,2967,226,55,16,13,7,3,3,2,2,1,1,0,0,0,0,1,0,0,0,1,0,0,0,0,0,0,0,0,0,0,0,1],"bins":[-0.3439382016658783,-0.33280131220817566,-0.321664422750473,-0.3105275332927704,-0.29939064383506775,-0.2882537543773651,-0.27711689472198486,-0.2659800052642822,-0.2548431158065796,-0.24370621144771576,-0.23256932199001312,-0.22143244743347168,-0.21029555797576904,-0.1991586685180664,-0.18802177906036377,-0.17688488960266113,-0.1657480001449585,-0.15461111068725586,-0.14347422122955322,-0.13233733177185059,-0.12120044231414795,-0.1100635677576065,-0.09892667829990387,-0.08778977394104004,-0.07665291428565979,-0.06551602482795715,-0.05437913537025452,-0.04324224591255188,-0.03210535645484924,-0.020968466997146606,-0.00983157753944397,0.001305311918258667,0.012442201375961304,0.02357909083366394,0.03471598029136658,0.045852869749069214,0.05698975920677185,0.06812664866447449,0.07926353812217712,0.09040042757987976,0.1015373170375824,0.11267417669296265,0.12381106615066528,0.13494795560836792,0.14608484506607056,0.15722176432609558,0.16835865378379822,0.17949554324150085,0.19063237309455872,0.20176926255226135,0.212906152009964,0.22404304146766663,0.23517993092536926,0.2463168203830719,0.25745370984077454,0.2685905992984772,0.2797274887561798,0.29086437821388245,0.3020012676715851,0.3131381571292877,0.32427504658699036,0.335411936044693,0.34654882550239563,0.35768571496009827,0.3688226044178009]},"_step":200,"roc":{"height":480,"_type":"image-file","sha256":"f5a536812a9a9b0a62f5bbff516010e8f4410721da3cec9f11eb9d6a7b70e9fb","size":24589,"path":"media/images/roc_200_f5a536812a9a9b0a62f5.png","format":"png","width":640}}