{"_runtime":77,"train_accuracy":1,"gradients":{"bins":[-0.07038912177085876,-0.0685587227344513,-0.06672831624746323,-0.06489791721105576,-0.06306751817464828,-0.061237115412950516,-0.05940671265125275,-0.057576313614845276,-0.05574591085314751,-0.05391550809144974,-0.05208510905504227,-0.050254710018634796,-0.04842430725693703,-0.04659390449523926,-0.04476350545883179,-0.04293310269713402,-0.04110269993543625,-0.03927230089902878,-0.03744189813733101,-0.03561149910092354,-0.03378109633922577,-0.0319506973028183,-0.03012029454112053,-0.02828989177942276,-0.02645949274301529,-0.02462908998131752,-0.02279869094491005,-0.02096828818321228,-0.01913788542151451,-0.01730748638510704,-0.015477083623409271,-0.0136466845870018,-0.011816281825304031,-0.009985879063606262,-0.008155480027198792,-0.006325080990791321,-0.004494674503803253,-0.0026642754673957825,-0.0008338764309883118,0.0009965300559997559,0.0028269290924072266,0.004657328128814697,0.006487727165222168,0.008318133652210236,0.010148532688617706,0.011978931725025177,0.013809338212013245,0.015639737248420715,0.017470136284828186,0.019300542771816254,0.021130941808223724,0.022961340844631195,0.024791739881038666,0.026622146368026733,0.028452545404434204,0.030282944440841675,0.03211335092782974,0.03394374996423721,0.035774149000644684,0.03760455548763275,0.03943495452404022,0.04126535356044769,0.043095752596855164,0.04492615908384323,0.0467565581202507],"_type":"histogram","values":[1,0,0,0,0,0,0,0,1,0,0,0,1,1,0,0,0,2,0,1,1,3,2,1,0,3,4,4,7,17,17,35,43,64,91,185,494,2148,88419,1763,404,139,47,25,17,5,3,2,2,1,1,1,1,1,0,2,1,0,1,0,0,0,0,1]},"Epoch":9,"roc":{"height":480,"_type":"image-file","sha256":"771dcf85b5e5bb4130d7992cdfcb51013d7d5c155e0a13f4522601d0dc36c83c","size":24679,"path":"media/images/roc_200_771dcf85b5e5bb4130d7.png","format":"png","width":640},"_step":200,"_wandb":{"runtime":77},"loss":0.009989948943257332,"_timestamp":1.7680406466897147e+09}