{"_step":200,"gradients":{"values":[2,0,0,0,0,0,1,0,0,0,0,0,0,0,0,0,1,0,0,0,0,3,2,5,3,5,8,18,33,72,270,87381,5672,351,87,27,7,6,0,1,0,0,3,0,0,0,0,1,0,0,0,0,0,0,0,0,0,1,0,0,0,0,0,2],"bins":[-0.4482116103172302,-0.4341888427734375,-0.4201660454273224,-0.40614327788352966,-0.39212048053741455,-0.3780977129936218,-0.3640749454498291,-0.3500521779060364,-0.33602938055992126,-0.32200658321380615,-0.3079838156700134,-0.2939610481262207,-0.279938280582428,-0.26591548323631287,-0.25189271569252014,-0.23786993324756622,-0.2238471508026123,-0.2098243683576584,-0.19580158591270447,-0.18177881836891174,-0.16775602102279663,-0.1537332534790039,-0.13971048593521118,-0.12568768858909607,-0.11166492104530334,-0.09764215350151062,-0.08361935615539551,-0.06959658861160278,-0.05557382106781006,-0.041551023721694946,-0.02752825617790222,-0.01350545883178711,0.0005173087120056152,0.01454007625579834,0.028562873601913452,0.04258564114570618,0.05660843849182129,0.07063120603561401,0.08465397357940674,0.09867674112319946,0.11269956827163696,0.1267223358154297,0.1407451033592224,0.15476787090301514,0.16879063844680786,0.18281340599060059,0.19683623313903809,0.2108590006828308,0.22488176822662354,0.23890453577041626,0.252927303314209,0.2669501304626465,0.2809728980064392,0.29499566555023193,0.30901843309402466,0.3230412006378174,0.3370639681816101,0.3510867953300476,0.36510956287384033,0.37913233041763306,0.3931550979614258,0.4071778655052185,0.421200692653656,0.43522346019744873,0.44924625754356384],"_type":"histogram"},"_wandb":{"runtime":85},"Epoch":9,"_timestamp":1.7680396410338302e+09,"loss":0.06923338770866394,"roc":{"sha256":"615d63fc2d9f44d04f936f8f4aac1fefc8e4ed1a461b7951546cc20e72927a43","size":24915,"path":"media/images/roc_200_615d63fc2d9f44d04f93.png","format":"png","width":640,"height":480,"_type":"image-file"},"_runtime":85,"train_accuracy":0.96875}