{"loss":0.04127813130617142,"_wandb":{"runtime":54},"Epoch":9,"_step":200,"train_accuracy":1,"gradients":{"_type":"histogram","values":[1,1,0,0,0,2,0,0,0,0,0,1,1,0,1,1,5,1,2,3,4,7,5,11,12,21,25,37,56,128,367,2258,89614,980,258,65,34,15,14,7,5,1,1,1,4,1,0,3,2,1,0,0,1,1,0,0,0,0,1,0,1,0,1,1],"bins":[-0.1939028799533844,-0.18791067600250244,-0.18191847205162048,-0.17592626810073853,-0.16993404924869537,-0.16394184529781342,-0.15794964134693146,-0.1519574373960495,-0.14596521854400635,-0.1399730145931244,-0.13398081064224243,-0.12798860669136047,-0.12199640274047852,-0.11600419133901596,-0.110011987388134,-0.10401977598667145,-0.09802757203578949,-0.09203536808490753,-0.08604315668344498,-0.08005095273256302,-0.07405874133110046,-0.0680665373802185,-0.06207433342933655,-0.05608212947845459,-0.05008992552757263,-0.04409770667552948,-0.03810550272464752,-0.032113298773765564,-0.026121094822883606,-0.020128890872001648,-0.014136672019958496,-0.008144468069076538,-0.00215226411819458,0.003839939832687378,0.009832143783569336,0.015824362635612488,0.021816566586494446,0.027808770537376404,0.03380097448825836,0.03979317843914032,0.04578539729118347,0.05177760124206543,0.05776980519294739,0.06376200914382935,0.0697542130947113,0.07574641704559326,0.08173862099647522,0.08773082494735718,0.09372302889823914,0.09971526265144348,0.10570746660232544,0.1116996705532074,0.11769187450408936,0.12368407845497131,0.12967628240585327,0.13566848635673523,0.1416606903076172,0.14765289425849915,0.1536450982093811,0.15963733196258545,0.1656295359134674,0.17162173986434937,0.17761394381523132,0.18360614776611328,0.18959833681583405]},"roc":{"size":24232,"path":"media/images/roc_200_8fb07454d3daa8c4193c.png","format":"png","width":640,"height":480,"_type":"image-file","sha256":"8fb07454d3daa8c4193c157f6d937fd3c70fcaf1dd7520ec2349aa5a81143616"},"_runtime":54,"_timestamp":1.768045487749159e+09}