{"_step":200,"_runtime":75,"train_accuracy":1,"roc":{"width":640,"height":480,"_type":"image-file","sha256":"93ce0159ead028e71b0e40d93c647bd868bff1e9ed38ce684b355282585d7f01","size":24549,"path":"media/images/roc_200_93ce0159ead028e71b0e.png","format":"png"},"_wandb":{"runtime":75},"loss":0.004390627145767212,"gradients":{"_type":"histogram","values":[1,0,0,0,0,0,1,0,0,0,0,0,0,0,0,0,0,0,0,3,0,1,1,1,1,0,2,2,1,7,8,15,20,32,57,121,262,787,4208,86422,1408,358,119,51,30,14,10,3,5,2,1,2,1,2,1,0,0,0,0,0,0,0,1,1],"bins":[-0.01878311298787594,-0.01830563321709633,-0.01782815158367157,-0.01735067181289196,-0.0168731901794672,-0.01639571040868759,-0.015918228775262833,-0.015440749004483223,-0.014963269233703613,-0.014485787600278854,-0.014008307829499245,-0.01353082712739706,-0.013053346425294876,-0.012575866654515266,-0.012098385021090508,-0.011620905250310898,-0.011143424548208714,-0.01066594384610653,-0.010188463144004345,-0.009710983373224735,-0.009233502671122551,-0.008756021969020367,-0.008278541266918182,-0.007801060564815998,-0.007323579862713814,-0.006846100091934204,-0.00636861938983202,-0.0058911386877298355,-0.005413657985627651,-0.004936177283525467,-0.004458697512745857,-0.003981216810643673,-0.0035037361085414886,-0.003026256337761879,-0.00254877470433712,-0.0020712949335575104,-0.0015938133001327515,-0.0011163335293531418,-0.0006388537585735321,-0.0001613721251487732,0.0003161076456308365,0.0007935892790555954,0.001271069049835205,0.0017485488206148148,0.0022260304540395737,0.0027035102248191833,0.0031809918582439423,0.003658471629023552,0.004135953262448311,0.0046134330332279205,0.00509091280400753,0.005568394437432289,0.006045874208211899,0.006523355841636658,0.007000835612416267,0.007478315383195877,0.007955797016620636,0.008433276787400246,0.008910758420825005,0.009388238191604614,0.009865717962384224,0.010343199595808983,0.010820679366588593,0.011298161000013351,0.011775640770792961]},"_timestamp":1.768043899179618e+09,"Epoch":9}