{"roc":{"_type":"image-file","sha256":"8048f21aebf6b1786b60f0de096af4fedd6ae7dfd78108704aba1bafe9d81b56","size":24384,"path":"media/images/roc_200_8048f21aebf6b1786b60.png","format":"png","width":640,"height":480},"gradients":{"bins":[-0.27500322461128235,-0.26638737320899963,-0.25777149200439453,-0.24915562570095062,-0.2405397593975067,-0.2319238930940628,-0.2233080267906189,-0.21469217538833618,-0.20607629418373108,-0.19746044278144836,-0.18884456157684326,-0.18022871017456055,-0.17161284387111664,-0.16299697756767273,-0.15438111126422882,-0.1457652449607849,-0.137149378657341,-0.1285335123538971,-0.11991764605045319,-0.11130177974700928,-0.10268591344356537,-0.09407004714012146,-0.08545418083667755,-0.07683831453323364,-0.06822246313095093,-0.05960659682750702,-0.05099073052406311,-0.0423748642206192,-0.03375899791717529,-0.025143131613731384,-0.016527265310287476,-0.007911384105682373,0.0007044672966003418,0.009320318698883057,0.01793619990348816,0.026552051305770874,0.03516793251037598,0.04378378391265869,0.052399665117263794,0.06101551651954651,0.06963139772415161,0.07824724912643433,0.08686313033103943,0.09547898173332214,0.10409486293792725,0.11271071434020996,0.12132659554481506,0.12994244694709778,0.1385582983493805,0.1471741795539856,0.1557900309562683,0.1644059121608734,0.17302176356315613,0.18163764476776123,0.19025349617004395,0.19886937737464905,0.20748522877693176,0.21610110998153687,0.22471696138381958,0.23333284258842468,0.2419486939907074,0.2505645453929901,0.2591804563999176,0.2677963078022003,0.27641215920448303],"_type":"histogram","values":[1,0,0,0,0,0,1,0,1,0,0,1,0,2,1,0,0,3,1,3,2,1,1,1,5,4,5,11,47,127,599,87566,5166,295,63,15,8,7,4,4,3,1,3,0,2,1,1,0,1,1,1,0,1,0,1,0,0,0,0,0,0,0,0,1]},"_wandb":{"runtime":45},"_timestamp":1.7680474664191797e+09,"train_accuracy":1,"Epoch":9,"loss":0.032488662749528885,"_runtime":45,"_step":200}