{"train_accuracy":1,"Epoch":9,"_timestamp":1.7680409867607174e+09,"gradients":{"values":[1,0,0,0,1,0,0,0,0,0,0,0,1,2,0,1,0,0,1,0,0,1,1,1,2,6,9,21,39,79,247,726,8585,83555,475,119,40,18,13,6,2,2,0,0,1,1,1,0,1,0,0,1,1,0,0,0,0,0,1,0,0,0,0,1],"bins":[-0.07600909471511841,-0.07370980083942413,-0.07141049951314926,-0.06911120563745499,-0.06681191176176071,-0.06451261043548584,-0.062213316559791565,-0.05991401895880699,-0.05761472135782242,-0.05531542748212814,-0.05301612988114357,-0.050716832280159,-0.04841753840446472,-0.04611824080348015,-0.043818943202495575,-0.0415196493268013,-0.03922035172581673,-0.03692105412483215,-0.03462176024913788,-0.032322462648153305,-0.03002316504716873,-0.027723871171474457,-0.025424573570489883,-0.02312527596950531,-0.020825982093811035,-0.018526684492826462,-0.01622738689184189,-0.013928089290857315,-0.011628791689872742,-0.009329497814178467,-0.007030203938484192,-0.00473090261220932,-0.002431608736515045,-0.00013231486082077026,0.0021669864654541016,0.0044662803411483765,0.006765574216842651,0.009064875543117523,0.011364169418811798,0.013663463294506073,0.015962764620780945,0.01826205849647522,0.020561352372169495,0.022860653698444366,0.02515994757413864,0.027459241449832916,0.029758542776107788,0.03205783665180206,0.03435713052749634,0.03665643185377121,0.038955725729465485,0.041255027055740356,0.04355432093143463,0.045853614807128906,0.04815291613340378,0.050452202558517456,0.052751511335372925,0.0550508052110672,0.057350099086761475,0.05964939296245575,0.061948686838150024,0.0642479807138443,0.06654728949069977,0.06884658336639404,0.07114587724208832],"_type":"histogram"},"loss":0.013857708312571049,"_wandb":{"runtime":70},"_step":200,"_runtime":70,"roc":{"width":640,"height":480,"_type":"image-file","sha256":"bcbc099a4e8710b0567401dc2c88b9c79e33c8ffbfaa554aa75de0a20c523d7f","size":24665,"path":"media/images/roc_200_bcbc099a4e8710b05674.png","format":"png"}}