{"_step":200,"Epoch":9,"_timestamp":1.7680441061717443e+09,"_runtime":53,"loss":0.011581837199628353,"gradients":{"values":[1,0,0,0,1,0,0,0,0,0,0,0,0,0,0,0,0,1,0,0,0,0,0,0,0,0,0,1,2,0,0,5,5,4,6,13,27,71,166,949,91962,649,56,17,7,6,0,4,2,1,0,0,0,3,1,0,0,0,0,0,0,0,0,2],"bins":[-0.10131664574146271,-0.0988163873553276,-0.0963161289691925,-0.093815878033638,-0.0913156196475029,-0.0888153612613678,-0.0863151103258133,-0.08381485193967819,-0.08131459355354309,-0.07881433516740799,-0.07631407678127289,-0.07381382584571838,-0.07131356745958328,-0.06881330907344818,-0.06631305813789368,-0.06381279975175858,-0.061312541365623474,-0.05881228297948837,-0.05631202831864357,-0.05381177365779877,-0.051311515271663666,-0.048811256885528564,-0.04631100222468376,-0.04381074756383896,-0.04131048917770386,-0.038810230791568756,-0.036309972405433655,-0.03380972146987915,-0.03130946308374405,-0.028809204697608948,-0.026308953762054443,-0.023808695375919342,-0.02130843698978424,-0.01880817860364914,-0.016307920217514038,-0.013807669281959534,-0.011307410895824432,-0.008807152509689331,-0.006306901574134827,-0.0038066431879997253,-0.001306384801864624,0.0011938735842704773,0.0036941319704055786,0.006194382905960083,0.008694641292095184,0.011194899678230286,0.01369515061378479,0.01619540899991989,0.018695667386054993,0.021195925772190094,0.023696184158325195,0.0261964350938797,0.028696700930595398,0.031196951866149902,0.03369720280170441,0.036197468638420105,0.03869771957397461,0.041197970509529114,0.04369823634624481,0.046198487281799316,0.04869873821735382,0.05119900405406952,0.05369925498962402,0.05619952082633972,0.05869976803660393],"_type":"histogram"},"train_accuracy":1,"roc":{"sha256":"c530b6be9fae4eeb17341ab6284f28a127d3b997cf30d130f7fae87f73480114","size":24534,"path":"media/images/roc_200_c530b6be9fae4eeb1734.png","format":"png","width":640,"height":480,"_type":"image-file"},"_wandb":{"runtime":53}}