{"_timestamp":1.767878585956173e+09,"_step":0,"Epoch":0,"loss":2.318272829055786,"train_accuracy":0.03125,"_wandb":{"runtime":0},"_runtime":0}