{"_runtime":61,"loss":0.0037764208391308784,"train_accuracy":1,"_wandb":{"runtime":61},"_timestamp":1.768042652167198e+09,"roc":{"format":"png","width":640,"height":480,"_type":"image-file","sha256":"c059873a46ea3629627e4dba6e83a15a97ba07be243cab675ab72f4aebb7a970","size":24558,"path":"media/images/roc_200_c059873a46ea3629627e.png"},"Epoch":9,"_step":200,"gradients":{"_type":"histogram","values":[1,0,0,1,1,0,1,0,0,0,0,0,0,0,0,1,0,1,1,0,0,1,2,2,1,4,6,6,3,22,33,72,123,245,597,2109,88459,1645,344,134,54,24,23,7,8,12,5,2,4,1,1,1,0,0,1,1,0,0,2,0,0,0,0,1],"bins":[-0.016526395455002785,-0.01607385464012623,-0.015621312893927097,-0.015168771147727966,-0.014716229401528835,-0.014263687655329704,-0.013811146840453148,-0.013358605094254017,-0.012906063348054886,-0.01245352253317833,-0.012000980786979198,-0.011548439040780067,-0.011095898225903511,-0.01064335647970438,-0.010190814733505249,-0.009738273918628693,-0.009285732172429562,-0.00883319042623043,-0.008380649611353874,-0.007928107865154743,-0.007475566118955612,-0.007023025304079056,-0.006570483557879925,-0.006117941811680794,-0.005665400996804237,-0.005212859250605106,-0.004760317504405975,-0.004307775758206844,-0.003855234943330288,-0.003402693197131157,-0.002950151450932026,-0.0024976106360554695,-0.0020450688898563385,-0.0015925271436572075,-0.001139986328780651,-0.0006874445825815201,-0.00023490376770496368,0.00021763890981674194,0.0006701797246932983,0.0011227205395698547,0.0015752632170915604,0.0020278040319681168,0.002480344846844673,0.002932887524366379,0.003385428339242935,0.0038379691541194916,0.004290511831641197,0.004743052646517754,0.00519559346139431,0.005648136138916016,0.006100676953792572,0.006553219631314278,0.007005760446190834,0.0074583012610673904,0.007910843938589096,0.008363384753465652,0.008815925568342209,0.009268468245863914,0.009721009060740471,0.010173549875617027,0.010626092553138733,0.01107863336801529,0.011531174182891846,0.011983716860413551,0.012436257675290108]}}