{"_runtime":46,"_step":200,"train_accuracy":1,"gradients":{"bins":[-0.04830905422568321,-0.0468440055847168,-0.04537895694375038,-0.043913908302783966,-0.04244885593652725,-0.04098380729556084,-0.03951875865459442,-0.038053710013628006,-0.03658866137266159,-0.035123612731695175,-0.03365856409072876,-0.032193511724472046,-0.03072846494615078,-0.029263416305184364,-0.0277983658015728,-0.026333317160606384,-0.02486826851963997,-0.023403219878673553,-0.021938171237707138,-0.020473120734095573,-0.019008072093129158,-0.017543023452162743,-0.016077972948551178,-0.014612924307584763,-0.013147875666618347,-0.011682827025651932,-0.010217778384685516,-0.008752729743719101,-0.007287677377462387,-0.005822628736495972,-0.004357580095529556,-0.002892531454563141,-0.0014274828135967255,3.756582736968994e-05,0.0015026144683361053,0.0029676631093025208,0.004432711750268936,0.00589776411652565,0.007362812757492065,0.00882786139845848,0.010292910039424896,0.011757958680391312,0.013223007321357727,0.014688055962324142,0.016153108328580856,0.017618153244256973,0.019083205610513687,0.020548250526189804,0.022013302892446518,0.023478355258703232,0.02494340017437935,0.026408452540636063,0.02787349745631218,0.029338549822568893,0.03080359473824501,0.032268647104501724,0.03373369947075844,0.035198744386434555,0.03666379675269127,0.038128841668367386,0.0395938940346241,0.04105893895030022,0.04252399131655693,0.04398903623223305,0.04545408487319946],"_type":"histogram","values":[1,0,0,0,0,0,0,1,0,0,0,0,0,0,0,0,0,1,0,0,4,4,2,3,4,7,12,22,45,87,196,578,85581,6941,355,65,19,20,5,2,1,1,0,1,2,0,0,0,0,0,0,0,0,0,0,1,0,0,0,0,0,0,0,1]},"roc":{"width":640,"height":480,"_type":"image-file","sha256":"06dd480de79f245d490073636d81d16e5c43f90a1ebf2b7858706b4721985efc","size":24511,"path":"media/images/roc_200_06dd480de79f245d4900.png","format":"png"},"_timestamp":1.7680471539053469e+09,"Epoch":9,"_wandb":{"runtime":46},"loss":0.005723201669752598}