{"_runtime":40,"_timestamp":1.768045808402133e+09,"loss":0.0019788166973739862,"gradients":{"bins":[-0.01462406013160944,-0.014239980839192867,-0.013855901546776295,-0.013471822254359722,-0.01308774296194315,-0.012703663669526577,-0.012319584377110004,-0.011935505084693432,-0.01155142579227686,-0.011167346499860287,-0.010783267207443714,-0.010399187915027142,-0.010015108622610569,-0.009631029330193996,-0.009246950037777424,-0.008862870745360851,-0.008478791452944279,-0.008094712160527706,-0.007710632868111134,-0.007326553575694561,-0.0069424742832779884,-0.006558394990861416,-0.006174315698444843,-0.005790236406028271,-0.005406157113611698,-0.005022077821195126,-0.004637998528778553,-0.0042539192363619804,-0.003869839943945408,-0.0034857606515288353,-0.0031016813591122627,-0.00271760206669569,-0.0023335227742791176,-0.001949443481862545,-0.0015653641894459724,-0.0011812848970293999,-0.0007972056046128273,-0.00041312631219625473,-2.904701977968216e-05,0.0003550322726368904,0.000739111565053463,0.0011231908574700356,0.0015072701498866081,0.0018913494423031807,0.0022754287347197533,0.002659508027136326,0.0030435873195528984,0.003427666611969471,0.0038117459043860435,0.004195825196802616,0.004579904489219189,0.004963983781635761,0.005348063074052334,0.005732142366468906,0.006116221658885479,0.0065003009513020515,0.006884380243718624,0.007268459536135197,0.007652538828551769,0.008036618120968342,0.008420697413384914,0.008804776705801487,0.00918885599821806,0.009572935290634632,0.00995701365172863],"_type":"histogram","values":[1,1,0,0,0,0,0,0,0,1,1,1,1,0,0,0,0,0,0,0,1,2,1,1,0,0,2,2,3,6,7,14,18,32,91,176,494,6339,85927,616,122,42,20,15,9,4,2,2,0,2,0,0,0,0,0,1,2,1,0,0,0,0,1,1]},"train_accuracy":1,"_step":200,"_wandb":{"runtime":40},"Epoch":9,"roc":{"size":24953,"path":"media/images/roc_200_f253d58f5656d65f4f71.png","format":"png","width":640,"height":480,"_type":"image-file","sha256":"f253d58f5656d65f4f71e3123c4fab85f720eaa8aab834f5470e52107f716505"}}