{"_runtime":73,"loss":0.020232800394296646,"_wandb":{"runtime":73},"_timestamp":1.7680412405751617e+09,"_step":200,"train_accuracy":1,"gradients":{"bins":[-0.12886500358581543,-0.1258801817893982,-0.12289536744356155,-0.11991055309772491,-0.11692573130130768,-0.11394090950489044,-0.1109560951590538,-0.10797128081321716,-0.10498645901679993,-0.10200163722038269,-0.09901682287454605,-0.09603200852870941,-0.09304718673229218,-0.09006236493587494,-0.0870775505900383,-0.08409273624420166,-0.08110791444778442,-0.07812309265136719,-0.07513827830553055,-0.07215346395969391,-0.06916864216327667,-0.06618382036685944,-0.0631990060210228,-0.06021419167518616,-0.05722936987876892,-0.054244548082351685,-0.051259733736515045,-0.048274919390678406,-0.04529009759426117,-0.04230527579784393,-0.039320461452007294,-0.036335647106170654,-0.03335082530975342,-0.03036600351333618,-0.027381189167499542,-0.024396374821662903,-0.021411553025245667,-0.01842673122882843,-0.01544191688299179,-0.012457102537155151,-0.009472280740737915,-0.006487458944320679,-0.0035026371479034424,-0.0005178302526473999,0.0024669915437698364,0.005451813340187073,0.008436620235443115,0.011421442031860352,0.014406263828277588,0.017391085624694824,0.02037590742111206,0.023360714316368103,0.02634553611278534,0.029330357909202576,0.03231516480445862,0.035299986600875854,0.03828480839729309,0.04126963019371033,0.044254451990127563,0.047239258885383606,0.05022408068180084,0.05320890247821808,0.05619370937347412,0.05917853116989136,0.062163352966308594],"_type":"histogram","values":[1,0,0,0,0,0,1,0,0,0,1,0,1,0,0,0,1,0,0,0,1,0,1,0,0,1,2,1,0,2,0,5,4,9,16,17,24,35,41,70,127,435,3211,88851,769,201,92,17,7,6,2,2,1,1,1,0,1,1,1,0,1,0,0,1]},"roc":{"sha256":"8fe522c8f258d6037a800ad3278ef75dab1a9155c10e1b66c940672c1124c6e7","size":24658,"path":"media/images/roc_200_8fe522c8f258d6037a80.png","format":"png","width":640,"height":480,"_type":"image-file"},"Epoch":9}