{"_step":199,"Epoch":9,"loss":0.002225919160991907,"gradients":{"values":[1,0,0,0,0,0,1,0,1,0,2,2,0,1,0,2,7,0,1,1,2,6,7,5,6,13,13,19,36,30,63,121,244,650,1897,83889,5341,904,329,153,87,40,30,20,9,5,5,4,1,2,1,3,0,1,3,0,2,0,1,0,0,0,0,1],"bins":[-0.009630450047552586,-0.009362123906612396,-0.009093796834349632,-0.008825470693409443,-0.008557144552469254,-0.008288818411529064,-0.008020492270588875,-0.007752165198326111,-0.0074838390573859215,-0.007215512916445732,-0.0069471863098442554,-0.006678859703242779,-0.006410533562302589,-0.0061422074213624,-0.005873880814760923,-0.005605554208159447,-0.005337228067219257,-0.005068901926279068,-0.004800575319677591,-0.004532248713076115,-0.004263922572135925,-0.003995596431195736,-0.0037272698245942593,-0.0034589432179927826,-0.0031906170770525932,-0.002922290936112404,-0.002653964329510927,-0.0023856377229094505,-0.002117311581969261,-0.0018489854410290718,-0.0015806583687663078,-0.0013123322278261185,-0.001044006086885929,-0.0007756799459457397,-0.0005073538050055504,-0.0002390267327427864,2.9299408197402954e-05,0.0002976255491375923,0.0005659526214003563,0.0008342787623405457,0.001102604903280735,0.0013709310442209244,0.0016392571851611137,0.0019075842574238777,0.002175910398364067,0.0024442365393042564,0.0027125636115670204,0.0029808897525072098,0.003249215893447399,0.0035175420343875885,0.003785868175327778,0.004054195247590542,0.004322521388530731,0.0045908475294709206,0.0048591746017336845,0.005127500742673874,0.005395826883614063,0.005664153024554253,0.005932479165494442,0.006200806237757206,0.00646913331001997,0.006737458519637585,0.007005785591900349,0.007274110801517963,0.007542438339442015],"_type":"histogram"},"_wandb":{"runtime":67},"_runtime":67,"train_accuracy":1,"_timestamp":1.7678786802531097e+09}