{"Epoch":9,"gradients":{"_type":"histogram","values":[1,0,0,0,0,0,0,0,0,0,0,0,0,0,1,4,0,0,1,0,2,1,1,2,2,4,6,14,22,69,176,2304,90631,524,115,41,19,6,4,1,0,1,1,1,1,1,0,0,3,2,0,0,0,0,0,0,0,0,0,0,0,0,0,1],"bins":[-0.5525660514831543,-0.5354090332984924,-0.5182520151138306,-0.5010950565338135,-0.4839380085468292,-0.46678102016448975,-0.4496240019798279,-0.432466983795166,-0.41530996561050415,-0.3981529772281647,-0.3809959590435028,-0.36383897066116333,-0.34668195247650146,-0.3295249342918396,-0.31236791610717773,-0.29521092772483826,-0.2780539095401764,-0.2608968913555145,-0.24373990297317505,-0.22658288478851318,-0.20942586660385132,-0.19226887822151184,-0.17511186003684998,-0.1579548418521881,-0.14079785346984863,-0.12364083528518677,-0.1064838171005249,-0.08932679891586304,-0.07216981053352356,-0.055012792348861694,-0.03785580396652222,-0.02069878578186035,-0.0035417675971984863,0.013615250587463379,0.030772268772125244,0.04792928695678711,0.0650862455368042,0.08224326372146606,0.09940028190612793,0.1165573000907898,0.13371431827545166,0.15087133646011353,0.16802829504013062,0.18518531322479248,0.20234233140945435,0.2194993495941162,0.23665636777877808,0.25381338596343994,0.27097034454345703,0.2881273627281189,0.30528438091278076,0.3224413990974426,0.3395984172821045,0.35675543546676636,0.3739124536514282,0.3910694122314453,0.4082264304161072,0.42538344860076904,0.4425404667854309,0.4596974849700928,0.47685444355010986,0.4940115213394165,0.5111684799194336,0.5283255577087402,0.5454825162887573]},"_timestamp":1.7680391382890556e+09,"_runtime":68,"_wandb":{"runtime":68},"_step":200,"train_accuracy":0.96875,"loss":0.07137637585401535,"roc":{"format":"png","width":640,"height":480,"_type":"image-file","sha256":"da0649dd09fd296c0b576323a1df4a90bac07d46441170c241f36791380bdc7e","size":24553,"path":"media/images/roc_200_da0649dd09fd296c0b57.png"}}