{"roc":{"format":"png","width":640,"height":480,"_type":"image-file","sha256":"4bf0d4da690c07de3ab1b6a2182e4c2061465c106bfd854dae9b0c81e3a991f5","size":24799,"path":"media/images/roc_200_4bf0d4da690c07de3ab1.png"},"loss":0.04687609523534775,"gradients":{"_type":"histogram","values":[1,0,1,0,0,0,0,0,1,0,2,0,0,2,1,1,2,0,2,0,1,0,1,4,9,8,17,28,58,117,466,6626,85851,505,140,37,30,18,7,3,3,4,2,1,0,2,0,2,1,1,2,0,0,2,0,1,0,0,0,0,0,1,0,1],"bins":[-0.26531606912612915,-0.25703558325767517,-0.2487550675868988,-0.24047458171844482,-0.23219408094882965,-0.22391358017921448,-0.2156330943107605,-0.20735259354114532,-0.19907209277153015,-0.19079159200191498,-0.1825110912322998,-0.17423060536384583,-0.16595010459423065,-0.15766960382461548,-0.1493891179561615,-0.14110861718654633,-0.13282811641693115,-0.12454761564731598,-0.1162671148777008,-0.10798662900924683,-0.09970612823963165,-0.09142562747001648,-0.0831451416015625,-0.07486464083194733,-0.06658414006233215,-0.05830363929271698,-0.05002313852310181,-0.04174265265464783,-0.033462151885032654,-0.02518165111541748,-0.0169011652469635,-0.008620649576187134,-0.0003401637077331543,0.007940322160720825,0.016220837831497192,0.024501323699951172,0.03278183937072754,0.04106232523918152,0.0493428111076355,0.057623326778411865,0.06590381264686584,0.07418429851531982,0.08246481418609619,0.09074530005455017,0.09902578592300415,0.10730630159378052,0.1155867874622345,0.12386730313301086,0.13214778900146484,0.14042827486991882,0.1487087905406952,0.15698927640914917,0.16526979207992554,0.17355027794837952,0.1818307638168335,0.19011127948760986,0.19839176535606384,0.20667225122451782,0.2149527668952942,0.22323325276374817,0.23151373863220215,0.23979425430297852,0.24807476997375488,0.2563552260398865,0.26463577151298523]},"_step":200,"Epoch":9,"train_accuracy":1,"_wandb":{"runtime":50},"_runtime":50,"_timestamp":1.7680446884072042e+09}