{"train_accuracy":1,"roc":{"height":480,"_type":"image-file","sha256":"87f850db6fdcf07dbe52b1348cd747f218dea7ff1b65548a59e7b9e200990600","size":24682,"path":"media/images/roc_200_87f850db6fdcf07dbe52.png","format":"png","width":640},"_runtime":75,"_wandb":{"runtime":75},"loss":0.03472408279776573,"gradients":{"_type":"histogram","values":[2,1,0,0,0,0,0,0,0,0,0,0,1,0,0,0,0,0,1,0,0,0,0,0,0,0,0,3,0,0,0,6,2,10,9,23,21,43,72,89,150,336,1045,86406,4765,598,201,57,41,29,12,10,10,5,4,1,1,0,2,1,2,2,0,1],"bins":[-0.1344628483057022,-0.13140258193016052,-0.12834230065345764,-0.12528203427791595,-0.12222176790237427,-0.11916149407625198,-0.1161012202501297,-0.11304095387458801,-0.10998068004846573,-0.10692040622234344,-0.10386013984680176,-0.10079986602067947,-0.09773959219455719,-0.0946793258190155,-0.09161905199289322,-0.08855877816677094,-0.08549851179122925,-0.08243824541568756,-0.07937797158956528,-0.076317697763443,-0.0732574313879013,-0.07019715756177902,-0.06713688373565674,-0.06407661736011505,-0.06101634353399277,-0.05795606970787048,-0.054895803332328796,-0.05183552950620651,-0.04877525568008423,-0.04571498930454254,-0.04265471547842026,-0.03959444910287857,-0.03653417527675629,-0.033473901450634,-0.030413635075092316,-0.027353361248970032,-0.024293094873428345,-0.02123282104730606,-0.018172547221183777,-0.01511228084564209,-0.012052007019519806,-0.008991733193397522,-0.005931466817855835,-0.002871200442314148,0.0001890808343887329,0.00324934720993042,0.006309613585472107,0.009369894862174988,0.012430161237716675,0.015490427613258362,0.018550708889961243,0.02161097526550293,0.024671241641044617,0.027731522917747498,0.030791789293289185,0.03385205566883087,0.03691233694553375,0.03997260332107544,0.043032869696617126,0.046093136072158813,0.049153417348861694,0.05221368372440338,0.05527395009994507,0.05833423137664795,0.061394501477479935]},"Epoch":9,"_timestamp":1.7680425772996016e+09,"_step":200}